call_index,mission_time_s,nmpc_solve_time_ms,pid50_solve_time_ms,pid5_solve_time_ms
0,0.000,62.4765,0.0230,0.0255
1,0.200,17.7374,0.0216,0.0225
2,0.400,17.5818,0.0211,0.0221
3,0.600,21.6181,0.0211,0.0230
4,0.800,19.7086,0.0211,0.0489
5,1.000,18.2547,0.0211,0.0233
6,1.200,17.3816,0.0211,0.0223
7,1.400,17.0280,0.0213,0.0214
8,1.600,17.6263,0.0298,0.0219
9,1.800,16.1192,0.0219,0.0218
10,2.000,16.0445,0.0210,0.0331
11,2.200,15.9862,0.0301,0.0405
12,2.400,16.1880,0.0344,0.0225
13,2.600,16.8512,0.0341,0.0421
14,2.800,17.1728,0.0339,0.0410
15,3.000,16.3624,0.0359,0.0229
16,3.200,16.2493,0.0355,0.0217
17,3.400,16.1589,0.0344,0.0225
18,3.600,17.8359,0.0339,0.0424
19,3.800,14.6296,0.0365,0.0228
20,4.000,14.6869,0.0338,0.0218
21,4.200,16.7027,0.0340,0.0223
22,4.400,16.0148,0.0335,0.0388
23,4.600,14.9056,0.0338,0.0372
24,4.800,16.3214,0.0339,0.0226
25,5.000,15.4970,0.0333,0.0225
26,5.200,14.2709,0.0250,0.0221
27,5.400,13.3865,0.0391,0.0228
28,5.600,12.9642,0.0226,0.0216
29,5.800,14.4940,0.0207,0.0216
30,6.000,13.6274,0.0212,0.0217
31,6.200,13.3056,0.0206,0.0219
32,6.400,13.8255,0.0207,0.0217
33,6.600,13.4233,0.0207,0.0215
34,6.800,13.8362,0.0215,0.0323
35,7.000,14.1921,0.0208,0.0354
36,7.200,14.0209,0.0216,0.0225
37,7.400,14.2408,0.0216,0.0223
38,7.600,14.8329,0.0227,0.0429
39,7.800,17.3316,0.0218,0.0233
40,8.000,14.5867,0.0222,0.0224
41,8.200,13.5539,0.0217,0.0363
42,8.400,15.1791,0.0212,0.0223
43,8.600,17.8776,0.0217,0.0230
44,8.800,15.8704,0.0211,0.0216
45,9.000,15.0690,0.0396,0.0217
46,9.200,14.3444,0.0329,0.0345
47,9.400,14.0145,0.0277,0.0378
48,9.600,13.5809,0.0210,0.0224
49,9.800,13.6324,0.0209,0.0222
50,10.000,13.2702,0.0211,0.0353
51,10.200,13.3767,0.0240,0.0458
52,10.400,13.3249,0.0215,0.0223
53,10.600,13.4724,0.0315,0.0220
54,10.800,13.7878,0.0362,0.0213
55,11.000,13.0841,0.0363,0.0212
56,11.200,14.1256,0.0364,0.0215
57,11.400,18.4747,0.0315,0.0284
58,11.600,20.1315,0.0212,0.0214
59,11.800,28.5649,0.0210,0.0347
60,12.000,24.3822,0.0213,0.0234
61,12.200,15.1389,0.0216,0.0427
62,12.400,15.3370,0.0210,0.0228
63,12.600,14.0435,0.0222,0.0225
64,12.800,15.7949,0.0260,0.0220
65,13.000,15.9491,0.0227,0.0226
66,13.200,16.0735,0.0348,0.0380
67,13.400,19.6821,0.0210,0.0228
68,13.600,18.7769,0.0212,0.0218
69,13.800,18.0378,0.0219,0.0218
70,14.000,16.1595,0.0213,0.0218
71,14.200,17.4007,0.0213,0.0232
72,14.400,17.1345,0.0211,0.0326
73,14.600,16.0208,0.0210,0.0348
74,14.800,15.8233,0.0215,0.0376
75,15.000,17.7387,0.0287,0.0348
76,15.200,17.9532,0.0409,0.0238
77,15.400,19.6516,0.0215,0.0221
78,15.600,22.3462,0.0208,0.0222
79,15.800,20.9632,0.0213,0.0220
80,16.000,20.0725,0.0207,0.0229
81,16.200,19.9103,0.0207,0.0219
82,16.400,20.1568,0.0208,0.0217
83,16.600,19.2530,0.0208,0.0217
84,16.800,22.8150,0.0208,0.0216
85,17.000,23.4130,0.0208,0.0329
86,17.200,26.2980,0.0299,0.0225
87,17.400,25.3463,0.0336,0.0219
88,17.600,27.0781,0.0213,0.0385
89,17.800,24.9000,0.0210,0.0424
90,18.000,27.2456,0.0209,0.0226
91,18.200,22.3786,0.0213,0.0223
92,18.400,28.8746,0.0208,0.0213
93,18.600,29.2655,0.0208,0.0221
94,18.800,27.5427,0.0208,0.0221
95,19.000,25.8674,0.0214,0.0216
96,19.200,23.9346,0.0210,0.0218
97,19.400,21.8241,0.0286,0.0444
98,19.600,24.7487,0.0356,0.0219
99,19.800,25.2924,0.0268,0.0215
100,20.000,22.5812,0.0219,0.0211
101,20.200,20.4415,0.0216,0.1761
102,20.400,21.4927,0.0218,0.0217
103,20.600,17.7254,0.0218,0.0235
104,20.800,18.3122,0.0212,0.0216
105,21.000,18.7633,0.0213,0.0217
106,21.200,17.8955,0.0224,0.0212
107,21.400,18.8851,0.0245,0.0222
108,21.600,20.8015,0.0255,0.0210
109,21.800,20.3475,0.0232,0.0212
110,22.000,17.9298,0.0215,0.0210
111,22.200,19.0933,0.0218,0.0216
112,22.400,21.2781,0.0213,0.0211
113,22.600,19.1653,0.0218,0.0216
114,22.800,22.0826,0.0212,0.0218
115,23.000,16.2534,0.0214,0.0220
116,23.200,15.8488,0.0210,0.0216
117,23.400,13.7886,0.0258,0.0211
118,23.600,14.4055,0.0290,0.0214
119,23.800,13.3432,0.0239,0.0222
120,24.000,13.9426,0.0216,0.0210
121,24.200,13.6550,0.0216,0.0213
122,24.400,13.5281,0.0211,0.0218
123,24.600,28.3968,0.0220,0.0223
124,24.800,25.2635,0.0211,0.0348
125,25.000,16.4035,0.0211,0.0216
126,25.200,13.7439,0.0216,0.0385
127,25.400,13.9657,0.0242,0.0215
128,25.600,13.5399,0.0250,0.0211
129,25.800,14.0967,0.0367,0.0217
130,26.000,13.6879,0.0208,0.0216
131,26.200,13.8910,0.0240,0.0226
132,26.400,13.9280,0.0209,0.0213
133,26.600,14.8272,0.0210,0.0214
134,26.800,14.6828,0.0211,0.0214
135,27.000,14.7311,0.0208,0.0215
136,27.200,15.1439,0.0208,0.0212
137,27.400,14.4296,0.0213,0.0212
138,27.600,15.6909,0.0316,0.0219
139,27.800,15.2043,0.0239,0.0216
140,28.000,15.0438,0.0239,0.0215
141,28.200,15.9169,0.0216,0.0210
142,28.400,14.8154,0.0213,0.1025
143,28.600,13.7565,0.0208,0.0214
144,28.800,14.8691,0.0209,0.0210
145,29.000,14.2779,0.0213,0.0211
146,29.200,15.0714,0.0207,0.0208
147,29.400,15.6235,0.0208,0.0212
148,29.600,14.8754,0.0214,0.0213
149,29.800,15.6575,0.0281,0.0214
150,30.000,22.5658,0.0330,0.0218
151,30.200,28.4348,0.0219,0.0215
152,30.400,24.6071,0.0220,0.0210
153,30.600,21.8013,0.0216,0.0211
154,30.800,16.5432,0.0217,0.0220
155,31.000,15.7017,0.0215,0.0214
156,31.200,13.8071,0.0212,0.0217
157,31.400,14.6485,0.0217,0.0221
158,31.600,13.6592,0.0222,0.0211
159,31.800,13.7384,0.0279,0.0209
160,32.000,13.8279,0.0272,0.0209
161,32.200,14.8816,0.0290,0.0217
162,32.400,15.1775,0.0210,0.0212
163,32.600,15.7292,0.0209,0.0354
164,32.800,15.4625,0.0214,0.0345
165,33.000,13.2816,0.0209,0.0271
166,33.200,12.7597,0.0209,0.0384
167,33.400,14.1157,0.0212,0.0382
168,33.600,13.7896,0.0208,0.0229
169,33.800,13.2842,0.0258,0.0219
170,34.000,14.4342,0.0296,0.0220
171,34.200,14.5166,0.0252,0.0379
172,34.400,13.5074,0.0213,0.0228
173,34.600,12.7243,0.0209,0.0223
174,34.800,14.3593,0.0209,0.0384
175,35.000,12.8373,0.0213,0.0375
176,35.200,14.4096,0.0210,0.0224
177,35.400,13.6863,0.0209,0.0215
178,35.600,13.1716,0.0210,0.0221
179,35.800,14.3723,0.0218,0.0219
180,36.000,14.6949,0.0311,0.0227
181,36.200,14.8004,0.0274,0.0213
182,36.400,15.4183,0.0217,0.0213
183,36.600,15.0546,0.0221,0.0216
184,36.800,14.9583,0.0218,0.0214
185,37.000,15.5216,0.0223,0.0213
186,37.200,15.3875,0.0219,0.0419
187,37.400,16.0692,0.0213,0.0223
188,37.600,14.0615,0.0233,0.0384
189,37.800,16.1015,0.0212,0.0370
190,38.000,17.3943,0.0219,0.0220
191,38.200,17.0891,0.0252,0.0217
192,38.400,15.9404,0.0252,0.0217
193,38.600,14.5433,0.0212,0.0215
194,38.800,13.8901,0.0210,0.0216
195,39.000,13.7642,0.0212,0.0219
196,39.200,13.8970,0.0256,0.0216
197,39.400,13.5235,0.0217,0.0218
198,39.600,13.9739,0.0219,0.0214
199,39.800,12.9448,0.0214,0.0213
200,40.000,15.8084,0.0211,0.0212
201,40.200,14.3597,0.0239,0.0214
202,40.400,13.6351,0.0247,0.0219
203,40.600,13.5946,0.0279,0.0212
204,40.800,15.0096,0.0217,0.0212
205,41.000,15.8222,0.0215,0.0213
206,41.200,15.2503,0.0213,0.0264
207,41.400,14.6296,0.0216,0.0213
208,41.600,15.1298,0.0215,0.0215
209,41.800,15.3678,0.0211,0.0222
210,42.000,15.0192,0.0210,0.0214
211,42.200,15.4677,0.0263,0.0212
212,42.400,14.7484,0.0297,0.0217
213,42.600,15.0667,0.0260,0.0216
214,42.800,15.4133,0.0211,0.0211
215,43.000,14.7077,0.0209,0.0210
216,43.200,14.9358,0.0209,0.0212
217,43.400,14.3976,0.0210,0.0217
218,43.600,13.9377,0.0218,0.0212
219,43.800,14.4210,0.0215,0.0214
220,44.000,14.5388,0.0209,0.0220
221,44.200,14.3515,0.0425,0.0212
222,44.400,14.4106,0.0390,0.0216
223,44.600,14.6533,0.0296,0.0214
224,44.800,14.6020,0.0215,0.0216
225,45.000,17.4477,0.0214,0.0212
226,45.200,16.3047,0.0215,0.0210
227,45.400,15.7425,0.0242,0.0315
228,45.600,14.6030,0.0212,0.0219
229,45.800,15.4582,0.0210,0.0224
230,46.000,15.8640,0.0383,0.0220
231,46.200,17.5578,0.0339,0.0213
232,46.400,18.3830,0.0349,0.0228
233,46.600,18.1635,0.0213,0.0226
234,46.800,15.8113,0.0214,0.0220
235,47.000,16.9837,0.0212,0.0232
236,47.200,17.9957,0.0212,0.0216
237,47.400,16.7318,0.0216,0.0214
238,47.600,14.6261,0.0215,0.0215
239,47.800,13.8046,0.0210,0.0457
240,48.000,13.5033,0.0437,0.0391
241,48.200,14.2854,0.0291,0.0221
242,48.400,13.4343,0.0306,0.0220
243,48.600,13.5446,0.0253,0.0217
244,48.800,13.9813,0.0213,0.0435
245,49.000,14.0682,0.0211,0.0353
246,49.200,15.2701,0.0215,0.0217
247,49.400,15.9812,0.0209,0.0215
248,49.600,15.8058,0.0209,0.0221
249,49.800,14.6643,0.0342,0.0214
250,50.000,14.3243,0.0353,0.0215
251,50.200,13.0452,0.0301,0.0346
252,50.400,12.5662,0.0216,0.0278
253,50.600,14.5602,0.0220,0.0381
254,50.800,16.1352,0.0214,0.0367
255,51.000,14.6193,0.0215,0.0219
256,51.200,16.4316,0.0231,0.0217
257,51.400,14.5426,0.0210,0.0220
258,51.600,13.9892,0.0210,0.0216
259,51.800,13.8655,0.0432,0.0223
260,52.000,13.8425,0.0335,0.0213
261,52.200,13.2205,0.0262,0.0215
262,52.400,13.5342,0.0239,0.0220
263,52.600,13.9314,0.0241,0.0384
264,52.800,13.1265,0.0215,0.0360
265,53.000,14.8628,0.0224,0.0222
266,53.200,14.4272,0.0216,0.0342
267,53.400,13.5563,0.0213,0.0233
268,53.600,14.3444,0.0324,0.0230
269,53.800,16.8544,0.0394,0.0226
270,54.000,22.8845,0.0279,0.0216
271,54.200,24.8608,0.0215,0.0221
272,54.400,24.5820,0.0215,0.0214
273,54.600,18.7593,0.0214,0.0217
274,54.800,14.2596,0.0222,0.0212
275,55.000,19.0504,0.0234,0.0213
276,55.200,14.1152,0.0209,0.0214
277,55.400,14.0187,0.0209,0.0216
278,55.600,13.8015,0.0415,0.0212
279,55.800,13.7218,0.0331,0.0210
280,56.000,13.9656,0.0302,0.0212
281,56.200,13.7647,0.0216,0.0210
282,56.400,13.3865,0.0218,0.0223
283,56.600,13.2006,0.0216,0.0220
284,56.800,13.7324,0.0229,0.0214
285,57.000,13.8188,0.0212,0.0211
286,57.200,14.2116,0.0221,0.0216
287,57.400,12.9738,0.0317,0.0214
288,57.600,13.1174,0.0363,0.0382
289,57.800,13.6728,0.0246,0.0370
290,58.000,13.2999,0.0233,0.0306
291,58.200,12.6649,0.0207,0.0222
292,58.400,13.5872,0.0205,0.0221
293,58.600,13.3137,0.0205,0.0217
294,58.800,13.8405,0.0205,0.0223
295,59.000,14.0720,0.0206,0.0217
296,59.200,14.6152,0.0204,0.0217
297,59.400,14.1791,0.0206,0.0217
298,59.600,14.7322,0.0208,0.0221
299,59.800,15.3428,0.0346,0.0352
300,60.000,15.0635,0.0365,0.0223
301,60.200,14.9235,0.0208,0.0385
302,60.400,14.0131,0.0215,0.0375
303,60.600,13.4907,0.0216,0.0221
304,60.800,13.3049,0.0207,0.0214
305,61.000,14.0103,0.0207,0.0218
306,61.200,14.5248,0.0207,0.0215
307,61.400,14.2801,0.0211,0.0217
308,61.600,14.9476,0.0207,0.0210
309,61.800,15.1458,0.0211,0.0215
310,62.000,16.8723,0.0253,0.0219
311,62.200,14.8526,0.0304,0.0219
312,62.400,13.9839,0.0214,0.0371
313,62.600,16.2732,0.0214,0.0276
314,62.800,16.1861,0.0214,0.0383
315,63.000,19.5697,0.0214,0.0378
316,63.200,18.2740,0.0207,0.0225
317,63.400,19.2147,0.0207,0.0379
318,63.600,17.2005,0.0208,0.0219
319,63.800,18.6888,0.0218,0.0995
320,64.000,16.2916,0.0226,0.0221
321,64.200,15.1211,0.0336,0.0218
322,64.400,16.5122,0.0243,0.0215
323,64.600,14.8222,0.0216,0.0354
324,64.800,15.0044,0.0209,0.0370
325,65.000,15.2162,0.0216,0.0274
326,65.200,15.9894,0.0207,0.0212
327,65.400,14.4187,0.0207,0.0220
328,65.600,14.3275,0.0213,0.0218
329,65.800,14.1676,0.0209,0.0218
330,66.000,14.0552,0.0208,0.0214
331,66.200,13.7044,0.0273,0.0214
332,66.400,13.9395,0.0311,0.0217
333,66.600,13.8109,0.0254,0.0217
334,66.800,14.7864,0.0209,0.0213
335,67.000,13.5431,0.0208,0.0380
336,67.200,13.5343,0.0212,0.0268
337,67.400,13.7588,0.0209,0.0379
338,67.600,14.2080,0.0208,0.0228
339,67.800,14.2673,0.0237,0.0223
340,68.000,15.4898,0.0209,0.0222
341,68.200,15.2310,0.0280,0.0229
342,68.400,15.6592,0.0267,0.0218
343,68.600,14.0361,0.0211,0.0212
344,68.800,14.0297,0.0209,0.0215
345,69.000,14.0565,0.0209,0.0220
346,69.200,15.3729,0.0209,0.0213
347,69.400,15.2201,0.0212,0.0387
348,69.600,14.3000,0.0210,0.0375
349,69.800,15.0479,0.0210,0.0223
350,70.000,19.8370,0.0211,0.0216
351,70.200,18.8726,0.0266,0.0318
352,70.400,16.5463,0.0277,0.0218
353,70.600,17.8496,0.0211,0.0216
354,70.800,18.2993,0.0217,0.0218
355,71.000,15.5825,0.0217,0.0212
356,71.200,15.9456,0.0211,0.0212
357,71.400,17.1574,0.0214,0.0213
358,71.600,16.6638,0.0210,0.0346
359,71.800,15.5420,0.0215,0.0381
360,72.000,14.7502,0.0209,0.0382
361,72.200,16.8455,0.0210,0.0220
362,72.400,17.2507,0.0275,0.0215
363,72.600,17.0704,0.0306,0.0218
364,72.800,17.7645,0.0217,0.0218
365,73.000,17.2569,0.0209,0.0212
366,73.200,19.3342,0.0214,0.0211
367,73.400,18.4673,0.0210,0.0214
368,73.600,16.1448,0.0211,0.0216
369,73.800,16.1885,0.0210,0.0213
370,74.000,15.7309,0.0210,0.0378
371,74.200,15.5725,0.0209,0.0348
372,74.400,16.0227,0.0274,0.0521
373,74.600,17.5589,0.0248,0.0372
374,74.800,18.4911,0.0231,0.0226
375,75.000,17.3102,0.0240,0.0223
376,75.200,16.1725,0.0210,0.0219
377,75.400,17.8528,0.0214,0.0225
378,75.600,19.7080,0.0218,0.0212
379,75.800,18.8921,0.0238,0.0216
380,76.000,17.6448,0.0214,0.0214
381,76.200,18.1190,0.0210,0.0382
382,76.400,18.4003,0.0209,0.0373
383,76.600,18.2648,0.0263,0.0224
384,76.800,17.4068,0.0396,0.0222
385,77.000,21.9130,0.0216,0.0219
386,77.200,27.0520,0.0214,0.0219
387,77.400,25.4575,0.0209,0.0214
388,77.600,20.6658,0.0209,0.0212
389,77.800,21.3068,0.0209,0.0213
390,78.000,21.2649,0.0208,0.0217
391,78.200,21.0258,0.0209,0.0215
392,78.400,19.2527,0.0210,0.0218
393,78.600,19.3110,0.0277,0.0218
394,78.800,24.0481,0.0260,0.0266
395,79.000,26.3901,0.0216,0.0427
396,79.200,22.7608,0.0207,0.0373
397,79.400,23.9740,0.0208,0.0220
398,79.600,21.7931,0.0206,0.0395
399,79.800,21.4702,0.0209,0.0236
400,80.000,18.2248,0.0208,0.0219
401,80.200,13.6289,0.0207,0.0214
402,80.400,13.8871,0.0213,0.0218
403,80.600,13.5773,0.0210,0.0216
404,80.800,14.7494,0.0270,0.0220
405,81.000,13.5733,0.0262,0.0393
406,81.200,13.4032,0.0212,0.0373
407,81.400,12.7859,0.0217,0.0225
408,81.600,12.9318,0.0215,0.0221
409,81.800,13.1567,0.0209,0.0219
410,82.000,12.8519,0.0209,0.0223
411,82.200,13.1457,0.0209,0.0216
412,82.400,13.2558,0.0220,0.0218
413,82.600,13.1147,0.0214,0.0220
414,82.800,14.0520,0.0271,0.0213
415,83.000,13.5712,0.0255,0.0212
416,83.200,14.1114,0.0218,0.0212
417,83.400,13.6321,0.0209,0.0229
418,83.600,14.2045,0.0208,0.0381
419,83.800,14.6136,0.0207,0.0231
420,84.000,14.0563,0.0209,0.0221
421,84.200,15.3778,0.0210,0.0219
422,84.400,15.0969,0.0209,0.0232
423,84.600,15.4894,0.0219,0.0215
424,84.800,13.8433,0.0214,0.0215
425,85.000,14.6157,0.0244,0.0225
426,85.200,13.3158,0.0238,0.0221
427,85.400,12.8236,0.0209,0.0219
428,85.600,13.7501,0.0218,0.0349
429,85.800,13.6813,0.0208,0.0429
430,86.000,14.0015,0.0209,0.0231
431,86.200,16.0061,0.0211,0.0374
432,86.400,14.5125,0.0209,0.0236
433,86.600,14.4482,0.0208,0.0224
434,86.800,14.7736,0.0225,0.0216
435,87.000,14.5947,0.0277,0.0785
436,87.200,14.8180,0.0259,0.0218
437,87.400,14.2551,0.0209,0.0216
438,87.600,14.5770,0.0208,0.0215
439,87.800,14.1988,0.0212,0.0348
440,88.000,13.4001,0.0209,0.0388
441,88.200,13.8136,0.0207,0.0221
442,88.400,13.3126,0.0208,0.0216
443,88.600,12.0825,0.0208,0.0218
444,88.800,11.1527,0.0208,0.0288
445,89.000,12.3175,0.0209,0.0218
446,89.200,11.9183,0.0213,0.0214
447,89.400,12.1842,0.0221,0.0220
448,89.600,12.2305,0.0247,0.0220
449,89.800,11.9507,0.0214,0.0213
450,90.000,11.0773,0.0208,0.0208
451,90.200,12.0263,0.0213,0.0347
452,90.400,12.4080,0.0209,0.0374
453,90.600,12.4993,0.0208,0.0390
454,90.800,12.8312,0.0207,0.0215
455,91.000,13.4623,0.0214,0.0216
456,91.200,13.1599,0.0209,0.0434
457,91.400,13.3781,0.0233,0.0225
458,91.600,13.3224,0.0251,0.0211
459,91.800,12.4871,0.0214,0.0215
460,92.000,13.2077,0.0209,0.0223
461,92.200,12.3724,0.0208,0.0219
462,92.400,11.8404,0.0209,0.0219
463,92.600,12.2901,0.0208,0.0345
464,92.800,13.1228,0.0213,0.0377
465,93.000,15.5320,0.0209,0.0225
466,93.200,15.2636,0.0213,0.0217
467,93.400,17.4257,0.0209,0.0218
468,93.600,15.7950,0.0262,0.0251
469,93.800,15.0900,0.0337,0.0217
470,94.000,13.9726,0.0208,0.0212
471,94.200,13.0442,0.0208,0.0219
472,94.400,13.1225,0.0213,0.0212
473,94.600,12.4042,0.0209,0.0212
474,94.800,13.1248,0.0237,0.0215
475,95.000,12.5952,0.0214,0.0286
476,95.200,13.1248,0.0208,0.0422
477,95.400,11.9004,0.0226,0.0374
478,95.600,12.2558,0.0313,0.0221
479,95.800,12.9559,0.0245,0.0216
480,96.000,11.4638,0.0238,0.0221
481,96.200,12.5894,0.0212,0.0328
482,96.400,12.6966,0.0244,0.0216
483,96.600,12.2390,0.0209,0.0221
484,96.800,15.4744,0.0213,0.0218
485,97.000,14.9545,0.0210,0.0221
486,97.200,12.3384,0.0210,0.0215
487,97.400,12.9298,0.0209,0.0386
488,97.600,12.8026,0.0210,0.0376
489,97.800,12.9711,0.0208,0.0226
490,98.000,12.9439,0.0253,0.0221
491,98.200,12.0625,0.0261,0.0221
492,98.400,12.2716,0.0208,0.0224
493,98.600,13.2492,0.0209,0.0214
494,98.800,13.3052,0.0213,0.0221
495,99.000,12.9895,0.0208,0.0216
496,99.200,13.1019,0.0207,0.0213
497,99.400,12.8335,0.0207,0.0214
498,99.600,11.0981,0.0206,0.0215
499,99.800,12.2796,0.0243,0.0378
500,100.000,12.3477,0.0233,0.0375
501,100.200,11.7532,0.0243,0.0230
502,100.400,11.5806,0.0215,0.0221
503,100.600,11.0486,0.0208,0.0223
504,100.800,10.9080,0.0209,0.0224
505,101.000,11.8509,0.0213,0.0212
506,101.200,11.8808,0.0208,0.0215
507,101.400,11.8232,0.0235,0.0214
508,101.600,11.3851,0.0210,0.0217
509,101.800,10.5335,0.0221,0.0215
510,102.000,12.0216,0.0209,0.0209
511,102.200,12.1127,0.0280,0.0382
512,102.400,11.7710,0.0275,0.0382
513,102.600,11.6720,0.0209,0.0227
514,102.800,11.2229,0.0213,0.0220
515,103.000,11.6669,0.0209,0.0215
516,103.200,13.7391,0.0208,0.0220
517,103.400,17.0912,0.0208,0.0274
518,103.600,13.8272,0.0209,0.0216
519,103.800,12.1412,0.0208,0.0214
520,104.000,13.0862,0.0208,0.0214
521,104.200,12.6030,0.0230,0.0216
522,104.400,12.6439,0.0316,0.0352
523,104.600,12.4883,0.0352,0.0369
524,104.800,12.2036,0.0208,0.0224
525,105.000,12.4786,0.0213,0.0217
526,105.200,11.9202,0.0209,0.0228
527,105.400,11.2542,0.0209,0.0757
528,105.600,12.0280,0.0208,0.0218
529,105.800,12.5037,0.0207,0.0213
530,106.000,12.2687,0.0208,0.0284
531,106.200,12.3666,0.0208,0.0216
532,106.400,12.2210,0.0210,0.0214
533,106.600,11.3561,0.0232,0.0214
534,106.800,10.7076,0.0239,0.0348
535,107.000,13.3790,0.0212,0.0340
536,107.200,14.4471,0.0211,0.0384
537,107.400,12.6122,0.0210,0.0230
538,107.600,11.9419,0.0213,0.0341
539,107.800,12.4514,0.0212,0.0221
540,108.000,11.4853,0.0212,0.0220
541,108.200,13.8926,0.0207,0.0215
542,108.400,14.6629,0.0209,0.0211
543,108.600,11.4618,0.0269,0.0216
544,108.800,11.1977,0.0240,0.0219
545,109.000,11.7771,0.0210,0.0347
546,109.200,12.3842,0.0206,0.0393
547,109.400,11.7739,0.0208,0.0227
548,109.600,12.0644,0.0213,0.0218
549,109.800,11.7026,0.0215,0.0220
550,110.000,10.7107,0.0208,0.0219
551,110.200,11.7459,0.0207,0.0220
552,110.400,12.1221,0.0208,0.0217
553,110.600,11.9939,0.0210,0.0222
554,110.800,12.1238,0.0266,0.0217
555,111.000,11.7383,0.0259,0.0214
556,111.200,10.7448,0.0209,0.0216
557,111.400,12.0503,0.0208,0.0387
558,111.600,13.3625,0.0208,0.0382
559,111.800,13.5883,0.0207,0.0238
560,112.000,12.2896,0.0209,0.0217
561,112.200,11.8838,0.0209,0.0221
562,112.400,12.6085,0.0208,0.0484
563,112.600,12.9178,0.0208,0.0218
564,112.800,12.7746,0.0210,0.0222
565,113.000,12.5966,0.0285,0.0215
566,113.200,13.0929,0.0236,0.0215
567,113.400,12.6163,0.0207,0.0219
568,113.600,13.8208,0.0207,0.0212
569,113.800,13.5137,0.0208,0.0394
570,114.000,13.7100,0.0207,0.0381
571,114.200,13.7250,0.0208,0.0227
572,114.400,13.9572,0.0207,0.0242
573,114.600,14.9965,0.0207,0.0231
574,114.800,13.3337,0.0209,0.0220
575,115.000,12.8380,0.0243,0.0221
576,115.200,12.0265,0.0251,0.0217
577,115.400,12.2026,0.0267,0.0215
578,115.600,12.6743,0.0208,0.0213
579,115.800,13.1601,0.0208,0.0211
580,116.000,12.8615,0.0213,0.0218
581,116.200,12.5687,0.0209,0.0387
582,116.400,12.9985,0.0210,0.0388
583,116.600,12.3777,0.0208,0.0218
584,116.800,11.4910,0.0215,0.0346
585,117.000,11.7678,0.0209,0.0226
586,117.200,11.8495,0.0211,0.0222
587,117.400,13.2016,0.0258,0.0218
588,117.600,13.9546,0.0210,0.0215
589,117.800,13.4724,0.0214,0.0219
590,118.000,13.2032,0.0208,0.0214
591,118.200,13.1945,0.0213,0.0217
592,118.400,13.1823,0.0209,0.0356
593,118.600,12.1654,0.0211,0.0390
594,118.800,13.4246,0.0209,0.0232
595,119.000,13.3127,0.0210,0.0226
596,119.200,13.6144,0.0212,0.0241
597,119.400,13.2244,0.0213,0.0784
598,119.600,12.7021,0.0328,0.0222
599,119.800,12.1442,0.0212,0.0217
600,120.000,13.0310,0.0214,0.0216
601,120.200,13.5123,0.0209,0.0220
602,120.400,13.0333,0.0210,0.0216
603,120.600,12.8956,0.0209,0.0218
604,120.800,13.0663,0.0211,0.0217
605,121.000,13.4648,0.0208,0.0215
606,121.200,13.6863,0.0208,0.0285
607,121.400,12.9430,0.0209,0.0346
608,121.600,11.8376,0.0234,0.0226
609,121.800,13.9832,0.0240,0.0220
610,122.000,14.5905,0.0209,0.0220
611,122.200,14.1878,0.0213,0.0214
612,122.400,15.5985,0.0209,0.0217
613,122.600,14.1496,0.0209,0.0216
614,122.800,14.0919,0.0210,0.0213
615,123.000,12.3786,0.0219,0.0215
616,123.200,11.7062,0.0208,0.0214
617,123.400,14.3410,0.0208,0.0388
618,123.600,14.3158,0.0315,0.0375
619,123.800,13.2958,0.0300,0.0220
620,124.000,13.2645,0.0210,0.0222
621,124.200,12.8613,0.0209,0.0220
622,124.400,12.2285,0.0213,0.0217
623,124.600,12.1444,0.0211,0.0217
624,124.800,12.2433,0.0220,0.0213
625,125.000,11.6954,0.0208,0.0214
626,125.200,11.5372,0.0210,0.0221
627,125.400,11.7509,0.0213,0.0213
628,125.600,13.0225,0.0215,0.0370
629,125.800,14.0062,0.0261,0.0435
630,126.000,13.8751,0.0249,0.0228
631,126.200,14.2418,0.0213,0.0223
632,126.400,12.5087,0.0210,0.0222
633,126.600,12.7440,0.0211,0.0227
634,126.800,12.5921,0.0210,0.0218
635,127.000,12.6066,0.0215,0.0216
636,127.200,12.8488,0.0208,0.0213
637,127.400,12.3349,0.0208,0.0214
638,127.600,11.7571,0.0212,0.0213
639,127.800,11.7151,0.0247,0.0219
640,128.000,12.9972,0.0248,0.0386
641,128.200,12.7386,0.0208,0.0223
642,128.400,14.2390,0.0213,0.0220
643,128.600,13.4214,0.0249,0.0385
644,128.800,14.6937,0.0213,0.0342
645,129.000,13.3231,0.0209,0.0228
646,129.200,13.3025,0.0210,0.0216
647,129.400,12.2887,0.0210,0.0223
648,129.600,13.0260,0.0210,0.0216
649,129.800,12.2811,0.0293,0.0214
650,130.000,11.7490,0.0240,0.0348
651,130.200,11.1935,0.0246,0.0382
652,130.400,11.3068,0.0208,0.0223
653,130.600,12.1924,0.0210,0.0221
654,130.800,12.0317,0.0210,0.0218
655,131.000,12.1817,0.0210,0.0224
656,131.200,12.2745,0.0209,0.0219
657,131.400,12.7878,0.0213,0.0215
658,131.600,14.9435,0.0209,0.0213
659,131.800,15.2858,0.0209,0.0212
660,132.000,14.3554,0.0280,0.0214
661,132.200,13.4049,0.0336,0.0214
662,132.400,12.7503,0.0218,0.0211
663,132.600,12.8209,0.0215,0.0211
664,132.800,13.2312,0.0210,0.0212
665,133.000,12.6094,0.0209,0.0259
666,133.200,13.1057,0.0209,0.0218
667,133.400,13.2160,0.0209,0.1436
668,133.600,15.7457,0.0210,0.0223
669,133.800,15.7133,0.0243,0.0219
670,134.000,15.6521,0.0228,0.0232
671,134.200,15.1097,0.0274,0.0216
672,134.400,15.2086,0.0229,0.0213
673,134.600,15.5878,0.0210,0.0212
674,134.800,16.6347,0.0209,0.0351
675,135.000,15.2682,0.0243,0.0387
676,135.200,15.8860,0.0217,0.0370
677,135.400,15.8750,0.0216,0.0228
678,135.600,13.4392,0.0208,0.0220
679,135.800,13.1031,0.0209,0.0222
680,136.000,15.8153,0.0209,0.0222
681,136.200,14.3458,0.0256,0.0216
682,136.400,13.7291,0.0253,0.0216
683,136.600,13.4653,0.0219,0.0222
684,136.800,13.8292,0.0226,0.0213
685,137.000,13.0237,0.0214,0.0357
686,137.200,12.2811,0.0213,0.0385
687,137.400,12.0893,0.0223,0.0358
688,137.600,12.9409,0.0210,0.0314
689,137.800,13.3356,0.0212,0.0216
690,138.000,13.3977,0.0210,0.0215
691,138.200,13.8377,0.0247,0.0226
692,138.400,13.4004,0.0268,0.0219
693,138.600,13.4365,0.0216,0.0220
694,138.800,12.8824,0.0210,0.0218
695,139.000,13.1840,0.0214,0.0212
696,139.200,12.5226,0.0209,0.0348
697,139.400,13.5047,0.0216,0.0373
698,139.600,13.0858,0.0209,0.0309
699,139.800,13.1992,0.0209,0.0218
700,140.000,13.2332,0.0240,0.0220
701,140.200,13.5074,0.0209,0.0218
702,140.400,14.1853,0.0208,0.0220
703,140.600,13.3505,0.0271,0.0215
704,140.800,12.2099,0.0207,0.0212
705,141.000,12.5515,0.0210,0.0216
706,141.200,12.6936,0.0208,0.0213
707,141.400,13.0438,0.0214,0.0215
708,141.600,13.1410,0.0209,0.0392
709,141.800,13.2185,0.0209,0.0390
710,142.000,13.2821,0.0223,0.0217
711,142.200,12.7252,0.0212,0.0213
712,142.400,12.4671,0.0209,0.0210
713,142.600,13.1073,0.0209,0.0731
714,142.800,13.2466,0.0245,0.0217
715,143.000,13.9732,0.0209,0.0212
716,143.200,13.8923,0.0211,0.0216
717,143.400,13.4858,0.0210,0.0210
718,143.600,13.2977,0.0208,0.0214
719,143.800,12.1722,0.0258,0.0219
720,144.000,11.7966,0.0354,0.0214
721,144.200,14.1200,0.0398,0.0266
722,144.400,14.5714,0.0390,0.0213
723,144.600,13.9416,0.0338,0.0216
724,144.800,12.1186,0.0337,0.0379
725,145.000,11.6323,0.0321,0.0227
726,145.200,11.8028,0.0208,0.0214
727,145.400,11.8445,0.0208,0.0259
728,145.600,12.4873,0.0214,0.0216
729,145.800,12.7804,0.0241,0.0211
730,146.000,12.6147,0.0277,0.0211
731,146.200,12.3432,0.0240,0.0212
732,146.400,12.1840,0.0209,0.0218
733,146.600,12.0348,0.0209,0.0215
734,146.800,11.1829,0.0208,0.0209
735,147.000,13.6171,0.0209,0.0321
736,147.200,14.0444,0.0219,0.0225
737,147.400,13.6460,0.0207,0.0273
738,147.600,13.2465,0.0210,0.0233
739,147.800,13.3786,0.0217,0.0219
740,148.000,14.1015,0.0322,0.0217
741,148.200,16.2574,0.0263,0.0219
742,148.400,14.1945,0.0207,0.0219
743,148.600,13.6065,0.0247,0.0215
744,148.800,14.0235,0.0213,0.0210
745,149.000,12.7777,0.0207,0.0216
746,149.200,13.4254,0.0220,0.0224
747,149.400,15.5798,0.0209,0.0218
748,149.600,15.2459,0.0252,0.0221
749,149.800,12.9986,0.0273,0.2147
750,150.000,11.9183,0.0255,0.0225
751,150.200,11.9281,0.0213,0.0218
752,150.400,14.0091,0.0209,0.0216
753,150.600,13.4019,0.0217,0.0214
754,150.800,13.7146,0.0217,0.0212
755,151.000,13.5818,0.0208,0.0213
756,151.200,11.7074,0.0213,0.0219
757,151.400,12.7929,0.0208,0.0215
758,151.600,12.2134,0.0208,0.0213
759,151.800,13.1707,0.0208,0.0221
760,152.000,13.1770,0.0210,0.0222
761,152.200,11.4497,0.0248,0.0219
762,152.400,11.0332,0.0210,0.0362
763,152.600,11.5902,0.0208,0.0221
764,152.800,12.6100,0.0208,0.0323
765,153.000,12.8421,0.0216,0.0213
766,153.200,12.8759,0.0207,0.0215
767,153.400,12.5917,0.0207,0.0215
768,153.600,12.8293,0.0211,0.0211
769,153.800,11.4342,0.0212,0.0215
770,154.000,11.1396,0.0268,0.0209
771,154.200,12.3507,0.0264,0.0213
772,154.400,12.7702,0.0208,0.0265
773,154.600,12.4302,0.0208,0.0215
774,154.800,12.7575,0.0208,0.0394
775,155.000,12.1697,0.0212,0.0231
776,155.200,11.3757,0.0208,0.0220
777,155.400,11.2921,0.0230,0.0215
778,155.600,12.1689,0.0212,0.0213
779,155.800,12.8791,0.0209,0.0216
780,156.000,11.9555,0.0215,0.0218
781,156.200,11.8802,0.0237,0.0217
782,156.400,11.8468,0.0226,0.0215
783,156.600,11.1311,0.0216,0.0211
784,156.800,13.3617,0.0208,0.0214
785,157.000,13.0424,0.0217,0.0220
786,157.200,13.2032,0.0209,0.0220
787,157.400,15.4238,0.0207,0.0226
788,157.600,12.3722,0.0211,0.0214
789,157.800,12.0426,0.0207,0.0216
790,158.000,11.9632,0.0234,0.0211
791,158.200,11.4434,0.0368,0.0213
792,158.400,11.3529,0.0211,0.0211
793,158.600,11.7250,0.0206,0.0210
794,158.800,11.8077,0.0211,0.0214
795,159.000,13.3272,0.0206,0.0210
796,159.200,12.6143,0.0206,0.0215
797,159.400,15.5243,0.0206,0.0217
798,159.600,15.3667,0.0212,0.0209
799,159.800,15.6273,0.0215,0.0221
800,160.000,12.0810,0.0206,0.0233
801,160.200,12.9222,0.0281,0.0264
802,160.400,12.8691,0.0261,0.0214
803,160.600,12.3086,0.0212,0.0213
804,160.800,12.0702,0.0207,0.0215
805,161.000,14.2298,0.0208,0.0208
806,161.200,11.2100,0.0208,0.0212
807,161.400,13.0055,0.0208,0.0213
808,161.600,12.4137,0.0207,0.0211
809,161.800,11.5837,0.0214,0.0215
810,162.000,12.4316,0.0209,0.0220
811,162.200,11.6124,0.0237,0.0217
812,162.400,12.3936,0.0306,0.0220
813,162.600,11.9355,0.0214,0.0213
814,162.800,11.8874,0.0209,0.0213
815,163.000,11.0920,0.0244,0.0214
816,163.200,11.7363,0.0209,0.0213
817,163.400,12.3782,0.0209,0.0215
818,163.600,12.8294,0.0226,0.0212
819,163.800,12.6122,0.0220,0.0217
820,164.000,12.5367,0.0213,0.0223
821,164.200,13.5163,0.0213,0.0216
822,164.400,13.1264,0.0270,0.0215
823,164.600,12.8132,0.0333,0.0213
824,164.800,13.3965,0.0208,0.0229
825,165.000,10.9073,0.0214,0.0214
826,165.200,12.1097,0.0207,0.0213
827,165.400,11.5044,0.0216,0.0218
828,165.600,11.7510,0.0217,0.0213
829,165.800,11.6946,0.0210,0.0223
830,166.000,10.9376,0.0210,0.0213
831,166.200,11.2450,0.0210,0.0215
832,166.400,11.7123,0.0365,0.0214
833,166.600,11.7666,0.0261,0.0212
834,166.800,11.6006,0.0210,0.0219
835,167.000,11.2232,0.0209,0.0237
836,167.200,13.1042,0.0209,0.0226
837,167.400,12.6392,0.0220,0.0233
838,167.600,11.6912,0.0244,0.0221
839,167.800,11.7218,0.0210,0.0216
840,168.000,11.7790,0.0207,0.0213
841,168.200,11.5945,0.0207,0.0218
842,168.400,11.3848,0.0273,0.0215
843,168.600,10.7728,0.0331,0.0221
844,168.800,12.2287,0.0219,0.0219
845,169.000,11.8600,0.0208,0.0213
846,169.200,11.8734,0.0208,0.0215
847,169.400,11.6913,0.0208,0.0214
848,169.600,11.3551,0.0207,0.0220
849,169.800,10.9634,0.0208,0.0222
850,170.000,12.1916,0.0209,0.0217
851,170.200,12.3029,0.0211,0.0215
852,170.400,12.1593,0.0207,0.0214
853,170.600,11.6451,0.0209,0.0219
854,170.800,11.6944,0.0225,0.0215
855,171.000,10.9869,0.0258,0.0214
856,171.200,11.7554,0.0209,0.0215
857,171.400,11.6814,0.0216,0.0213
858,171.600,11.7701,0.0210,0.0209
859,171.800,11.6873,0.0207,0.0307
860,172.000,11.3150,0.0208,0.0218
861,172.200,11.0270,0.0208,0.0228
862,172.400,11.9560,0.0212,0.0238
863,172.600,11.9512,0.0289,0.0309
864,172.800,11.6561,0.0405,0.0214
865,173.000,11.4127,0.0214,0.0214
866,173.200,11.6858,0.0208,0.0213
867,173.400,12.4564,0.0212,0.0216
868,173.600,11.6005,0.0237,0.0224
869,173.800,13.0066,0.0209,0.0216
870,174.000,14.4849,0.0227,0.0213
871,174.200,12.0513,0.0208,0.0214
872,174.400,11.7586,0.0206,0.0382
873,174.600,11.5961,0.0261,0.0219
874,174.800,11.3203,0.0218,0.0215
875,175.000,11.3579,0.0213,0.0215
876,175.200,12.5627,0.0208,0.0225
877,175.400,12.8354,0.0213,0.0221
878,175.600,12.7031,0.0207,0.0224
879,175.800,15.1997,0.0302,0.0216
880,176.000,12.5171,0.0369,0.0215
881,176.200,12.2032,0.0231,0.0216
882,176.400,12.1251,0.0273,0.0220
883,176.600,11.4168,0.0260,0.0216
884,176.800,11.1937,0.0214,0.0216
885,177.000,12.3437,0.0247,0.0214
886,177.200,12.4600,0.0205,0.0215
887,177.400,13.5451,0.0206,0.0219
888,177.600,15.3139,0.0207,0.0224
889,177.800,12.9675,0.0212,0.0215
890,178.000,12.4612,0.0213,0.0218
891,178.200,12.5192,0.0207,0.0217
892,178.400,12.3463,0.0207,0.0351
893,178.600,12.0731,0.0301,0.0226
894,178.800,14.6328,0.0250,0.0217
895,179.000,13.2528,0.0214,0.0218
896,179.200,13.1737,0.0207,0.0224
897,179.400,11.9091,0.0208,0.0214
898,179.600,11.8779,0.0212,0.0211
899,179.800,12.1343,0.0352,0.0226
900,180.000,14.3750,0.0325,0.0218
901,180.200,12.8340,0.0209,0.0218
902,180.400,13.3894,0.0270,0.0214
903,180.600,12.9643,0.0239,0.0216
904,180.800,12.3704,0.0213,0.0211
905,181.000,12.0295,0.0207,0.0224
906,181.200,11.9173,0.0207,0.0214
907,181.400,11.3437,0.0208,0.0212
908,181.600,12.2653,0.0362,0.0211
909,181.800,13.2093,0.0305,0.0210
910,182.000,14.5781,0.0222,0.0217
911,182.200,13.3604,0.0259,0.1508
912,182.400,13.8821,0.0231,0.0218
913,182.600,13.4806,0.0208,0.0216
914,182.800,12.7532,0.0213,0.0215
915,183.000,12.1981,0.0206,0.0214
916,183.200,12.2863,0.0217,0.0215
917,183.400,11.7605,0.0377,0.0214
918,183.600,11.3969,0.0348,0.0214
919,183.800,11.9770,0.0215,0.0215
920,184.000,13.6696,0.0305,0.0217
921,184.200,13.0986,0.0332,0.0214
922,184.400,12.9868,0.0206,0.0218
923,184.600,13.5296,0.0207,0.0214
924,184.800,12.9674,0.0205,0.0218
925,185.000,12.3876,0.0209,0.0231
926,185.200,12.4705,0.0208,0.0266
927,185.400,11.7012,0.0213,0.0215
928,185.600,11.4257,0.0212,0.0215
929,185.800,12.0402,0.0282,0.0219
930,186.000,13.9597,0.0231,0.0215
931,186.200,13.0303,0.0209,0.0214
932,186.400,12.8121,0.0211,0.0216
933,186.600,12.8058,0.0207,0.0224
934,186.800,12.9436,0.0219,0.0221
935,187.000,11.9557,0.0208,0.0219
936,187.200,12.6155,0.0206,0.0233
937,187.400,13.8099,0.0217,0.0214
938,187.600,12.2768,0.0218,0.0222
939,187.800,11.6995,0.0256,0.0225
940,188.000,13.1185,0.0281,0.0213
941,188.200,14.0568,0.0209,0.0216
942,188.400,14.6003,0.0208,0.0212
943,188.600,16.0542,0.0207,0.0218
944,188.800,15.7849,0.0214,0.0216
945,189.000,13.1912,0.0210,0.0214
946,189.200,13.5283,0.0223,0.0212
947,189.400,13.3601,0.0208,0.0216
948,189.600,13.2600,0.0214,0.0217
949,189.800,13.6705,0.0274,0.0229
950,190.000,13.3298,0.0228,0.0215
951,190.200,12.3352,0.0208,0.0216
952,190.400,13.7688,0.0206,0.0217
953,190.600,13.7130,0.0208,0.0216
954,190.800,12.7878,0.0205,0.0215
955,191.000,12.5664,0.0208,0.0211
956,191.200,12.0282,0.0209,0.0214
957,191.400,12.6620,0.0221,0.0219
958,191.600,12.0913,0.0208,0.0251
959,191.800,11.7556,0.0218,0.0220
960,192.000,11.0301,0.0208,0.0226
961,192.200,12.7158,0.0249,0.0217
962,192.400,12.2367,0.0217,0.0268
963,192.600,12.3439,0.0211,0.0213
964,192.800,12.2194,0.0208,0.0215
965,193.000,11.7306,0.0206,0.0215
966,193.200,11.8221,0.0208,0.0220
967,193.400,11.2669,0.0227,0.0212
968,193.600,12.4894,0.0207,0.0212
969,193.800,13.5374,0.0211,0.0221
970,194.000,13.3931,0.0214,0.0222
971,194.200,13.4444,0.0241,0.0225
972,194.400,13.1208,0.0231,0.0224
973,194.600,13.0592,0.0208,0.0218
974,194.800,12.3262,0.0209,0.0213
975,195.000,12.3682,0.0208,0.0230
976,195.200,11.8492,0.0209,0.0216
977,195.400,11.4632,0.0208,0.0217
978,195.600,10.9538,0.0207,0.0212
979,195.800,12.1945,0.0207,0.0261
980,196.000,12.3208,0.0217,0.0212
981,196.200,12.1927,0.0267,0.0221
982,196.400,12.0065,0.0212,0.0226
983,196.600,12.7688,0.0208,0.0264
984,196.800,11.5414,0.0212,0.0235
985,197.000,11.0367,0.0220,0.0221
986,197.200,12.2049,0.0209,0.0213
987,197.400,12.3943,0.0209,0.0211
988,197.600,12.6590,0.0214,0.0211
989,197.800,12.1342,0.0211,0.0316
990,198.000,12.9835,0.0206,0.0213
991,198.200,13.4028,0.0210,0.0215
992,198.400,12.6901,0.0283,0.0213
993,198.600,12.1856,0.0207,0.0213
994,198.800,13.4536,0.0206,0.0218
995,199.000,12.8447,0.0207,0.0512
996,199.200,13.3808,0.0209,0.0227
997,199.400,13.6436,0.0219,0.0214
998,199.600,13.4441,0.0207,0.0222
999,199.800,12.7253,0.0207,0.0216
1000,200.000,13.2354,0.0212,0.0212
1001,200.200,12.5717,0.0214,0.0213
1002,200.400,12.7290,0.0258,0.0212
1003,200.600,12.0956,0.0208,0.0215
1004,200.800,11.7557,0.0206,0.0214
1005,201.000,11.3283,0.0205,0.0212
1006,201.200,13.7525,0.0206,0.0212
1007,201.400,11.2533,0.0208,0.0220
1008,201.600,13.9319,0.0205,0.0236
1009,201.800,12.7076,0.0206,0.0221
1010,202.000,12.3078,0.0251,0.0215
1011,202.200,12.4481,0.0236,0.0216
1012,202.400,12.0857,0.0372,0.0212
1013,202.600,12.2815,0.0212,0.0213
1014,202.800,11.4229,0.0212,0.0215
1015,203.000,11.0483,0.0209,0.0216
1016,203.200,12.0961,0.0208,0.0213
1017,203.400,11.9199,0.0207,0.0211
1018,203.600,12.4418,0.0215,0.0217
1019,203.800,12.2609,0.0208,0.0216
1020,204.000,12.1587,0.0252,0.0226
1021,204.200,11.9292,0.0251,0.0217
1022,204.400,11.5762,0.0224,0.0214
1023,204.600,12.1989,0.0215,0.0264
1024,204.800,12.5538,0.0207,0.0214
1025,205.000,13.0781,0.0216,0.0213
1026,205.200,12.5870,0.0209,0.0213
1027,205.400,12.2338,0.0216,0.0215
1028,205.600,11.6488,0.0213,0.0214
1029,205.800,11.2330,0.0209,0.0217
1030,206.000,11.8435,0.0208,0.0214
1031,206.200,12.3881,0.0221,0.0236
1032,206.400,12.2576,0.0275,0.0221
1033,206.600,12.3002,0.0210,0.0214
1034,206.800,12.3204,0.0209,0.0212
1035,207.000,11.3485,0.0215,0.0219
1036,207.200,11.4057,0.0221,0.0215
1037,207.400,12.9687,0.0282,0.0217
1038,207.600,13.4830,0.0375,0.0212
1039,207.800,14.7952,0.0296,0.0213
1040,208.000,13.8562,0.0229,0.0215
1041,208.200,13.4679,0.0266,0.0218
1042,208.400,12.9692,0.0210,0.0215
1043,208.600,13.7809,0.0209,0.0230
1044,208.800,13.5861,0.0222,0.0218
1045,209.000,12.2137,0.0240,0.0211
1046,209.200,13.0555,0.0301,0.0213
1047,209.400,13.4536,0.0369,0.0212
1048,209.600,12.6085,0.0286,0.0214
1049,209.800,12.8859,0.0265,0.0215
1050,210.000,13.2297,0.0328,0.0212
1051,210.200,13.0773,0.0254,0.0211
1052,210.400,13.1571,0.0209,0.0209
1053,210.600,13.1231,0.0208,0.0216
1054,210.800,12.7113,0.0223,0.0211
1055,211.000,13.2421,0.0346,0.0228
1056,211.200,12.4431,0.0343,0.0214
1057,211.400,13.4933,0.0209,0.0216
1058,211.600,13.3547,0.0239,0.0213
1059,211.800,13.1929,0.0267,0.0255
1060,212.000,13.2166,0.0208,0.0215
1061,212.200,13.3486,0.0218,0.0215
1062,212.400,13.0374,0.0216,0.0221
1063,212.600,13.3773,0.0207,0.0213
1064,212.800,12.2678,0.0351,0.0212
1065,213.000,12.2984,0.0338,0.0214
1066,213.200,13.1112,0.0222,0.0216
1067,213.400,13.2210,0.0254,0.0221
1068,213.600,13.2137,0.0299,0.0235
1069,213.800,13.3774,0.0208,0.0221
1070,214.000,13.2503,0.0207,0.0214
1071,214.200,12.8565,0.0207,0.0220
1072,214.400,13.0261,0.0212,0.0216
1073,214.600,12.4514,0.0369,0.0214
1074,214.800,12.9176,0.0315,0.0214
1075,215.000,12.1431,0.0230,0.0218
1076,215.200,12.2941,0.0211,0.0217
1077,215.400,12.8312,0.0237,0.0217
1078,215.600,12.6561,0.0207,0.0214
1079,215.800,13.3873,0.0209,0.0230
1080,216.000,13.1543,0.0210,0.0220
1081,216.200,11.8149,0.0209,0.0213
1082,216.400,11.3878,0.0332,0.0214
1083,216.600,10.9006,0.0344,0.0216
1084,216.800,12.3401,0.0214,0.0214
1085,217.000,14.6709,0.0214,0.0217
1086,217.200,15.4505,0.0262,0.0213
1087,217.400,15.9310,0.0221,0.0218
1088,217.600,12.6361,0.0211,0.0214
1089,217.800,12.7228,0.0209,0.0217
1090,218.000,12.5258,0.0228,0.0227
1091,218.200,12.4125,0.0298,0.0222
1092,218.400,12.2614,0.0373,0.0216
1093,218.600,11.7517,0.0217,0.0214
1094,218.800,11.5233,0.0225,0.0213
1095,219.000,11.0806,0.0271,0.0210
1096,219.200,11.7452,0.0207,0.0213
1097,219.400,12.0876,0.0208,0.0223
1098,219.600,12.6228,0.0208,0.0213
1099,219.800,12.8055,0.0218,0.0218
1100,220.000,12.3286,0.0237,0.0214
1101,220.200,12.2631,0.0324,0.0229
1102,220.400,11.9378,0.0293,0.0219
1103,220.600,11.0035,0.0242,0.0356
1104,220.800,12.1802,0.0268,0.0219
1105,221.000,12.0956,0.0212,0.0213
1106,221.200,11.8627,0.0217,0.0216
1107,221.400,11.8700,0.0209,0.0211
1108,221.600,11.3249,0.0212,0.0220
1109,221.800,10.9530,0.0239,0.0215
1110,222.000,12.1338,0.0368,0.0213
1111,222.200,12.2200,0.0274,0.0219
1112,222.400,12.0225,0.0231,0.0225
1113,222.600,11.7890,0.0315,0.0216
1114,222.800,11.8154,0.0208,0.0237
1115,223.000,10.8163,0.0264,0.0218
1116,223.200,11.4077,0.0207,0.0214
1117,223.400,12.1121,0.0230,0.0217
1118,223.600,11.9524,0.0210,0.0211
1119,223.800,11.4580,0.0349,0.0305
1120,224.000,13.8387,0.0310,0.0220
1121,224.200,11.4076,0.0229,0.0216
1122,224.400,10.8273,0.0247,0.0322
1123,224.600,12.0036,0.0360,0.0224
1124,224.800,11.7084,0.0209,0.0219
1125,225.000,12.1857,0.0216,0.0216
1126,225.200,11.9607,0.0210,0.0229
1127,225.400,11.3395,0.0210,0.0222
1128,225.600,10.7925,0.0300,0.0216
1129,225.800,12.3398,0.0366,0.0212
1130,226.000,11.9879,0.0285,0.0215
1131,226.200,12.0896,0.0211,0.0214
1132,226.400,11.7534,0.0440,0.0217
1133,226.600,11.2591,0.0223,0.0213
1134,226.800,11.0697,0.0209,0.0212
1135,227.000,11.5813,0.0209,0.0213
1136,227.200,11.9090,0.0209,0.0243
1137,227.400,11.6883,0.0276,0.0210
1138,227.600,11.5777,0.0386,0.0363
1139,227.800,11.1528,0.0289,0.0226
1140,228.000,10.9641,0.0229,0.0217
1141,228.200,12.1791,0.0222,0.0215
1142,228.400,11.9534,0.0245,0.0214
1143,228.600,11.8870,0.0217,0.0216
1144,228.800,11.8093,0.0215,0.0218
1145,229.000,11.0672,0.0225,0.0214
1146,229.200,10.8391,0.0247,0.0214
1147,229.400,12.0389,0.0377,0.0215
1148,229.600,11.7438,0.0304,0.0224
1149,229.800,11.7071,0.0208,0.0217
1150,230.000,11.8224,0.0235,0.0231
1151,230.200,12.1681,0.0248,0.0217
1152,230.400,11.0218,0.0207,0.0215
1153,230.600,12.2616,0.0209,0.0623
1154,230.800,13.2467,0.0209,0.0212
1155,231.000,14.0841,0.0235,0.0216
1156,231.200,12.6966,0.0361,0.0216
1157,231.400,12.1872,0.0306,0.0216
1158,231.600,12.7033,0.0210,0.0210
1159,231.800,11.2059,0.0227,0.0218
1160,232.000,11.7347,0.0267,0.0254
1161,232.200,12.8958,0.0213,0.0227
1162,232.400,13.2901,0.0219,0.0231
1163,232.600,16.2992,0.0215,0.0221
1164,232.800,15.2788,0.0238,0.0212
1165,233.000,12.9122,0.0370,0.0215
1166,233.200,12.9593,0.0275,0.0210
1167,233.400,13.5135,0.0215,0.0213
1168,233.600,13.7488,0.0212,0.0216
1169,233.800,12.8594,0.0392,0.0215
1170,234.000,13.3301,0.0209,0.0212
1171,234.200,13.6463,0.0211,0.0216
1172,234.400,13.7365,0.0210,0.0831
1173,234.600,13.4467,0.0215,0.0568
1174,234.800,12.9788,0.0339,0.0222
1175,235.000,13.3361,0.0337,0.0220
1176,235.200,13.6912,0.0222,0.0217
1177,235.400,13.8893,0.0255,0.0216
1178,235.600,13.7899,0.0289,0.0215
1179,235.800,13.6767,0.0209,0.0218
1180,236.000,16.2848,0.0210,0.0219
1181,236.200,17.0692,0.0208,0.0219
1182,236.400,16.2211,0.0210,0.0219
1183,236.600,12.9497,0.0330,0.0225
1184,236.800,12.3666,0.0320,0.0261
1185,237.000,11.7734,0.0211,0.0222
1186,237.200,12.0082,0.0217,0.0236
1187,237.400,12.6309,0.0256,0.0216
1188,237.600,12.2804,0.0206,0.0222
1189,237.800,12.3171,0.0228,0.0218
1190,238.000,11.5395,0.0209,0.0214
1191,238.200,11.6750,0.0209,0.0217
1192,238.400,11.0294,0.0274,0.0215
1193,238.600,11.6086,0.0368,0.0227
1194,238.800,12.3152,0.0255,0.0219
1195,239.000,13.8954,0.0217,0.0586
1196,239.200,11.8543,0.0266,0.0216
1197,239.400,11.8863,0.0207,0.0226
1198,239.600,11.2732,0.0207,0.0225
1199,239.800,13.2047,0.0207,0.0215
1200,240.000,12.3323,0.0213,0.0215
1201,240.200,13.0414,0.0232,0.0260
1202,240.400,13.5531,0.0360,0.0212
1203,240.600,13.4356,0.0334,0.0214
1204,240.800,12.6790,0.0220,0.0212
1205,241.000,12.4317,0.0277,0.0215
1206,241.200,12.8851,0.0207,0.0216
1207,241.400,12.5202,0.0207,0.0218
1208,241.600,12.7602,0.0214,0.0216
1209,241.800,13.2679,0.0215,0.0234
1210,242.000,13.3470,0.0209,0.0234
1211,242.200,13.1488,0.0331,0.0214
1212,242.400,12.7338,0.0318,0.0214
1213,242.600,12.7897,0.0208,0.0216
1214,242.800,12.2437,0.0226,0.0265
1215,243.000,12.9158,0.0309,0.0215
1216,243.200,13.4365,0.0207,0.0212
1217,243.400,13.4186,0.0207,0.0215
1218,243.600,14.9834,0.0208,0.0215
1219,243.800,16.3383,0.0207,0.0219
1220,244.000,13.3389,0.0251,0.0215
1221,244.200,14.5741,0.0364,0.0766
1222,244.400,13.3659,0.0256,0.0231
1223,244.600,12.9535,0.0210,0.0220
1224,244.800,13.5609,0.0273,0.0216
1225,245.000,13.5076,0.0215,0.0215
1226,245.200,13.2746,0.0212,0.0211
1227,245.400,13.5367,0.0221,0.0217
1228,245.600,15.3991,0.0209,0.0216
1229,245.800,16.3240,0.0209,0.0216
1230,246.000,15.2955,0.0367,0.0213
1231,246.200,13.1335,0.0289,0.0214
1232,246.400,11.7144,0.0211,0.0353
1233,246.600,11.8822,0.0265,0.0465
1234,246.800,12.4048,0.0209,0.0225
1235,247.000,12.3027,0.0209,0.0217
1236,247.200,12.1997,0.0209,0.0212
1237,247.400,11.7721,0.0215,0.0219
1238,247.600,11.4210,0.0211,0.0223
1239,247.800,11.1025,0.0281,0.0213
1240,248.000,12.4043,0.0384,0.0215
1241,248.200,13.1265,0.0213,0.0213
1242,248.400,12.7388,0.0215,0.0214
1243,248.600,12.4213,0.0268,0.0217
1244,248.800,12.6014,0.0209,0.0214
1245,249.000,13.0790,0.0210,0.0226
1246,249.200,11.7242,0.0210,0.0227
1247,249.400,10.9241,0.0210,0.0326
1248,249.600,11.0875,0.0224,0.0219
1249,249.800,12.3966,0.0362,0.0219
1250,250.000,12.1665,0.0278,0.0221
1251,250.200,11.9979,0.0214,0.0216
1252,250.400,12.4119,0.0284,0.0218
1253,250.600,11.8548,0.0211,0.0220
1254,250.800,11.5738,0.0216,0.0222
1255,251.000,10.9985,0.0209,0.0273
1256,251.200,12.3224,0.0209,0.0220
1257,251.400,12.4629,0.0210,0.0235
1258,251.600,12.0583,0.0296,0.0216
1259,251.800,11.8975,0.0368,0.0219
1260,252.000,11.1217,0.0212,0.0215
1261,252.200,10.9828,0.0213,0.0216
1262,252.400,11.6857,0.0257,0.0211
1263,252.600,11.8118,0.0218,0.0213
1264,252.800,13.9173,0.0208,0.0216
1265,253.000,12.2710,0.0219,0.0214
1266,253.200,13.1879,0.0209,0.0212
1267,253.400,12.8062,0.0248,0.0214
1268,253.600,12.9012,0.0372,0.0221
1269,253.800,12.7552,0.0266,0.0370
1270,254.000,13.2823,0.0217,0.0225
1271,254.200,12.4863,0.0278,0.0212
1272,254.400,13.1774,0.0210,0.0213
1273,254.600,12.9025,0.0210,0.0216
1274,254.800,12.7408,0.0209,0.0217
1275,255.000,12.2738,0.0209,0.0215
1276,255.200,13.7071,0.0209,0.0214
1277,255.400,12.6899,0.0351,0.0215
1278,255.600,12.5235,0.0303,0.0263
1279,255.800,13.1482,0.0213,0.0214
1280,256.000,13.1744,0.0226,0.0216
1281,256.200,12.3537,0.0207,0.0225
1282,256.400,13.2159,0.0207,0.0211
1283,256.600,12.1996,0.0207,0.0215
1284,256.800,12.8610,0.0209,0.0213
1285,257.000,13.3930,0.0208,0.0216
1286,257.200,13.0543,0.0250,0.0210
1287,257.400,12.3113,0.0374,0.0213
1288,257.600,11.8406,0.0247,0.0215
1289,257.800,12.4483,0.0216,0.0216
1290,258.000,12.2652,0.0228,0.0212
1291,258.200,13.4472,0.0265,0.0230
1292,258.400,13.0916,0.0212,0.0223
1293,258.600,12.9436,0.0211,0.0223
1294,258.800,12.5736,0.0211,0.0213
1295,259.000,13.3426,0.0253,0.0215
1296,259.200,13.3242,0.0355,0.0213
1297,259.400,13.6017,0.0311,0.0215
1298,259.600,13.6884,0.0254,0.0215
1299,259.800,13.3523,0.0264,0.0214
1300,260.000,12.9836,0.0211,0.0213
1301,260.200,14.3342,0.0210,0.0216
1302,260.400,13.1654,0.0213,0.0212
1303,260.600,12.5188,0.0219,0.0215
1304,260.800,11.9890,0.0210,0.0214
1305,261.000,11.9511,0.0306,0.0231
1306,261.200,11.5923,0.0332,0.0216
1307,261.400,11.0319,0.0217,0.0213
1308,261.600,13.3284,0.0227,0.0213
1309,261.800,13.3366,0.0294,0.0214
1310,262.000,14.1024,0.0215,0.0506
1311,262.200,13.9735,0.0210,0.0218
1312,262.400,13.7740,0.0217,0.0215
1313,262.600,12.7773,0.0211,0.0214
1314,262.800,12.3828,0.0287,0.0211
1315,263.000,12.1908,0.0366,0.0214
1316,263.200,12.6331,0.0242,0.0218
1317,263.400,13.1803,0.0221,0.0223
1318,263.600,13.0912,0.0316,0.0216
1319,263.800,13.1397,0.0214,0.0209
1320,264.000,13.1281,0.0210,0.0212
1321,264.200,14.1509,0.0232,0.0212
1322,264.400,15.3596,0.0215,0.0212
1323,264.600,15.1754,0.0291,0.0210
1324,264.800,12.9230,0.0363,0.0211
1325,265.000,11.8886,0.0216,0.0212
1326,265.200,11.4002,0.0213,0.0214
1327,265.400,12.4337,0.0245,0.0214
1328,265.600,12.5752,0.0219,0.1974
1329,265.800,13.1993,0.0219,0.0221
1330,266.000,12.8679,0.0216,0.0213
1331,266.200,12.7170,0.0211,0.0214
1332,266.400,13.2523,0.0270,0.0211
1333,266.600,13.1987,0.0365,0.0215
1334,266.800,13.8429,0.0231,0.0341
1335,267.000,13.3244,0.0211,0.0216
1336,267.200,13.3528,0.0249,0.0211
1337,267.400,12.8575,0.0216,0.0212
1338,267.600,13.1324,0.0211,0.0220
1339,267.800,13.3179,0.0210,0.0212
1340,268.000,13.6493,0.0216,0.0301
1341,268.200,12.6045,0.0251,0.0217
1342,268.400,13.2159,0.0401,0.0216
1343,268.600,13.2363,0.0244,0.0214
1344,268.800,13.8009,0.0215,0.0215
1345,269.000,12.9468,0.0299,0.0211
1346,269.200,12.1614,0.0211,0.0211
1347,269.400,11.9599,0.0211,0.0214
1348,269.600,12.0399,0.0209,0.0210
1349,269.800,12.0604,0.0213,0.0215
1350,270.000,11.1054,0.0266,0.0211
1351,270.200,11.5326,0.0368,0.0229
1352,270.400,11.9835,0.0237,0.0227
1353,270.600,11.9587,0.0213,0.0213
1354,270.800,12.0476,0.0270,0.0213
1355,271.000,11.5392,0.0210,0.0212
1356,271.200,11.4670,0.0209,0.0216
1357,271.400,11.2117,0.0209,0.0214
1358,271.600,14.1201,0.0211,0.0213
1359,271.800,12.9270,0.0249,0.0213
1360,272.000,13.7053,0.0368,0.0216
1361,272.200,13.8156,0.0249,0.0214
1362,272.400,15.3079,0.0227,0.0210
1363,272.600,14.2063,0.0244,0.0217
1364,272.800,14.1256,0.0215,0.0222
1365,273.000,13.8968,0.0210,0.0212
1366,273.200,14.3225,0.0207,0.0210
1367,273.400,12.7641,0.0217,0.0210
1368,273.600,12.4134,0.0222,0.0209
1369,273.800,13.5665,0.0365,0.0254
1370,274.000,14.6941,0.0241,0.0214
1371,274.200,17.6637,0.0222,0.0439
1372,274.400,17.3835,0.0305,0.0212
1373,274.600,13.3342,0.0210,0.0213
1374,274.800,13.3371,0.0213,0.0211
1375,275.000,14.1337,0.0211,0.0209
1376,275.200,13.9152,0.0209,0.0240
1377,275.400,13.9073,0.0215,0.0225
1378,275.600,11.8367,0.0352,0.0224
1379,275.800,12.4958,0.0304,0.0221
1380,276.000,12.4971,0.0280,0.0218
1381,276.200,13.1091,0.0280,0.0220
1382,276.400,13.0456,0.0218,0.0213
1383,276.600,12.4743,0.0214,0.0231
1384,276.800,16.3475,0.0210,0.0214
1385,277.000,12.6264,0.0210,0.0214
1386,277.200,13.0913,0.0267,0.0213
1387,277.400,13.6426,0.0370,0.0228
1388,277.600,14.0484,0.0236,0.0215
1389,277.800,13.6205,0.0249,0.0214
1390,278.000,13.3008,0.0291,0.0212
1391,278.200,12.5285,0.0210,0.0216
1392,278.400,13.6120,0.0210,0.0218
1393,278.600,12.8470,0.0221,0.0213
1394,278.800,13.4412,0.0210,0.0212
1395,279.000,13.3081,0.0298,0.0264
1396,279.200,12.5410,0.0370,0.0217
1397,279.400,13.0939,0.0227,0.0221
1398,279.600,14.7993,0.0232,0.0209
1399,279.800,18.5116,0.0319,0.0220
1400,280.000,16.9574,0.0210,0.0216
1401,280.200,15.8800,0.0214,0.0215
1402,280.400,15.2677,0.0212,0.0212
1403,280.600,14.9293,0.0254,0.0215
1404,280.800,15.5698,0.0293,0.0214
1405,281.000,15.7859,0.0393,0.0214
1406,281.200,15.6175,0.0213,0.0218
1407,281.400,15.4133,0.0264,0.0219
1408,281.600,14.8400,0.0268,0.0213
1409,281.800,12.8246,0.0267,0.0216
1410,282.000,13.7814,0.0210,0.0213
1411,282.200,13.3056,0.0214,0.0224
1412,282.400,13.7834,0.0210,0.0261
1413,282.600,13.6488,0.0380,0.0214
1414,282.800,13.2203,0.0319,0.0213
1415,283.000,13.7289,0.0211,0.0214
1416,283.200,13.5622,0.0247,0.0211
1417,283.400,13.5403,0.0366,0.0211
1418,283.600,13.5706,0.0247,0.0213
1419,283.800,13.3901,0.0213,0.0212
1420,284.000,13.9129,0.0210,0.0214
1421,284.200,16.0739,0.0210,0.0214
1422,284.400,17.6592,0.0209,0.0526
1423,284.600,15.1996,0.0209,0.0218
1424,284.800,14.2679,0.0246,0.0214
1425,285.000,13.7964,0.0209,0.0210
1426,285.200,13.9489,0.0266,0.0214
1427,285.400,14.2140,0.0219,0.0213
1428,285.600,15.3066,0.0210,0.0214
1429,285.800,14.4867,0.0214,0.0214
1430,286.000,13.9594,0.0210,0.0213
1431,286.200,13.7122,0.0217,0.0211
1432,286.400,13.6156,0.0210,0.0210
1433,286.600,13.9611,0.0210,0.0214
1434,286.800,13.5676,0.0210,0.0226
1435,287.000,14.1054,0.0212,0.0215
1436,287.200,13.2781,0.0265,0.0213
1437,287.400,13.7081,0.0264,0.0217
1438,287.600,13.6982,0.0211,0.0211
1439,287.800,13.5101,0.0216,0.0214
1440,288.000,14.0756,0.0210,0.0209
1441,288.200,13.7694,0.0211,0.0212
1442,288.400,13.8534,0.0223,0.0209
1443,288.600,13.7722,0.0210,0.0210
1444,288.800,13.5145,0.0235,0.0210
1445,289.000,14.0570,0.0212,0.0210
1446,289.200,12.7660,0.0210,0.0942
1447,289.400,13.6367,0.0324,0.0220
1448,289.600,13.4994,0.0213,0.0254
1449,289.800,13.7974,0.0209,0.0211
1450,290.000,14.3709,0.0209,0.0213
1451,290.200,14.0713,0.0209,0.0213
1452,290.400,15.6071,0.0209,0.0215
1453,290.600,15.2271,0.0215,0.0211
1454,290.800,14.1208,0.0211,0.0212
1455,291.000,15.3682,0.0211,0.0212
1456,291.200,14.9532,0.0222,0.0216
1457,291.400,12.3974,0.0246,0.0214
1458,291.600,11.3027,0.0210,0.0223
1459,291.800,12.1316,0.0213,0.0216
1460,292.000,12.0567,0.0209,0.0219
1461,292.200,12.2068,0.0208,0.0210
1462,292.400,11.7780,0.0288,0.0211
1463,292.600,11.7374,0.0216,0.0214
1464,292.800,11.5133,0.0209,0.0215
1465,293.000,11.2489,0.0210,0.0214
1466,293.200,11.8956,0.0210,0.0217
1467,293.400,12.0972,0.0309,0.0212
1468,293.600,12.1408,0.0210,0.0212
1469,293.800,12.5427,0.0219,0.0215
1470,294.000,12.5861,0.0246,0.0224
1471,294.200,11.3058,0.0219,0.0211
1472,294.400,11.1421,0.0213,0.0214
1473,294.600,11.8755,0.0209,0.0213
1474,294.800,12.1707,0.0208,0.0216
1475,295.000,11.7977,0.0209,0.0213
1476,295.200,11.9365,0.0209,0.0214
1477,295.400,11.9935,0.0222,0.0212
1478,295.600,11.2530,0.0211,0.0220
1479,295.800,11.3410,0.0209,0.0221
1480,296.000,11.9980,0.0211,0.0213
1481,296.200,12.5830,0.0210,0.0216
1482,296.400,11.9243,0.0252,0.0221
1483,296.600,11.6132,0.0209,0.0216
1484,296.800,11.1462,0.0230,0.0214
1485,297.000,11.0174,0.0217,0.0253
1486,297.200,13.2033,0.0219,0.0218
1487,297.400,14.7984,0.0353,0.0219
1488,297.600,14.3560,0.0209,0.0217
1489,297.800,16.3481,0.0212,0.0213
1490,298.000,13.0457,0.0208,0.0212
1491,298.200,12.4158,0.0209,0.0211
1492,298.400,13.0914,0.0291,0.0262
1493,298.600,12.6734,0.0353,0.0217
1494,298.800,12.5590,0.0212,0.0220
1495,299.000,12.1028,0.0251,0.0216
1496,299.200,11.5570,0.0251,0.0214
1497,299.400,11.3596,0.0210,0.0216
1498,299.600,10.9598,0.0215,0.0215
1499,299.800,12.5376,0.0209,0.0293
1500,300.000,11.9797,0.0216,0.0215
1501,300.200,11.7135,0.0295,0.0219
1502,300.400,12.3448,0.0356,0.0213
1503,300.600,11.3549,0.0216,0.0219
1504,300.800,13.4657,0.0215,0.0210
1505,301.000,13.5344,0.0261,0.0350
1506,301.200,14.5634,0.0210,0.0220
1507,301.400,14.9025,0.0221,0.0213
1508,301.600,13.2380,0.0211,0.0216
1509,301.800,12.5045,0.0211,0.0213
1510,302.000,12.7209,0.0267,0.0216
1511,302.200,11.5298,0.0387,0.0216
1512,302.400,12.7463,0.0240,0.0214
1513,302.600,12.3032,0.0216,0.0235
1514,302.800,11.7168,0.0282,0.0215
1515,303.000,12.3210,0.0213,0.0215
1516,303.200,11.8938,0.0215,0.0211
1517,303.400,10.9101,0.0217,0.0227
1518,303.600,11.7320,0.0209,0.0213
1519,303.800,12.2636,0.0282,0.0217
1520,304.000,11.8759,0.0392,0.0213
1521,304.200,12.1026,0.0228,0.0211
1522,304.400,11.5613,0.0234,0.0209
1523,304.600,11.3504,0.0267,0.0210
1524,304.800,10.9880,0.0255,0.0210
1525,305.000,11.9369,0.0210,0.0214
1526,305.200,11.9444,0.0210,0.0210
1527,305.400,12.0471,0.0215,0.0217
1528,305.600,11.7082,0.0293,0.0213
1529,305.800,11.3580,0.0357,0.1915
1530,306.000,11.1950,0.0219,0.0219
1531,306.200,11.8679,0.0212,0.0209
1532,306.400,12.0213,0.0279,0.0219
1533,306.600,11.9516,0.0219,0.0216
1534,306.800,11.8657,0.0209,0.0214
1535,307.000,11.0245,0.0209,0.0211
1536,307.200,10.8453,0.0212,0.0215
1537,307.400,11.8338,0.0269,0.0212
1538,307.600,12.0485,0.0378,0.0215
1539,307.800,11.9230,0.0238,0.0212
1540,308.000,11.8473,0.0237,0.0217
1541,308.200,11.7012,0.0269,0.0223
1542,308.400,10.7952,0.0208,0.0213
1543,308.600,12.6320,0.0208,0.0214
1544,308.800,12.4553,0.0208,0.0216
1545,309.000,12.8109,0.0211,0.0214
1546,309.200,13.2932,0.0276,0.0213
1547,309.400,13.8403,0.0366,0.0215
1548,309.600,12.8058,0.0232,0.0212
1549,309.800,12.1994,0.0216,0.0212
1550,310.000,12.0836,0.0271,0.0211
1551,310.200,11.7510,0.0209,0.0216
1552,310.400,11.6482,0.0252,0.0216
1553,310.600,11.5625,0.0210,0.0219
1554,310.800,12.5649,0.0210,0.0210
1555,311.000,14.7301,0.0211,0.0214
1556,311.200,12.8323,0.0210,0.0218
1557,311.400,13.7253,0.0209,0.0212
1558,311.600,13.3031,0.0224,0.0211
1559,311.800,13.2516,0.0209,0.0211
1560,312.000,12.4365,0.0288,0.0217
1561,312.200,12.5327,0.0211,0.0212
1562,312.400,11.9423,0.0214,0.0215
1563,312.600,11.1199,0.0210,0.0226
1564,312.800,12.5892,0.0209,0.0214
1565,313.000,12.6929,0.0209,0.0225
1566,313.200,12.0141,0.0213,0.0215
1567,313.400,14.1605,0.0209,0.0210
1568,313.600,12.1005,0.0245,0.0209
1569,313.800,12.1477,0.0211,0.0213
1570,314.000,11.4798,0.0316,0.0214
1571,314.200,11.1734,0.0223,0.0212
1572,314.400,13.2169,0.0215,0.0213
1573,314.600,12.2970,0.0210,0.0221
1574,314.800,12.2680,0.0211,0.0210
1575,315.000,13.9403,0.0212,0.0261
1576,315.200,12.3607,0.0211,0.0227
1577,315.400,12.0345,0.0209,0.0217
1578,315.600,11.2670,0.0215,0.0213
1579,315.800,11.1613,0.0210,0.0218
1580,316.000,13.0165,0.0308,0.0211
1581,316.200,13.1836,0.0211,0.0217
1582,316.400,12.6345,0.0217,0.0209
1583,316.600,12.4147,0.0221,0.0212
1584,316.800,12.6611,0.0217,0.0214
1585,317.000,12.3495,0.0214,0.0211
1586,317.200,12.4364,0.0209,0.0213
1587,317.400,11.4143,0.0209,0.0211
1588,317.600,11.3738,0.0209,0.0221
1589,317.800,12.3086,0.0220,0.0228
1590,318.000,12.2362,0.0293,0.0210
1591,318.200,12.1457,0.0249,0.0212
1592,318.400,12.2076,0.0211,0.0212
1593,318.600,11.9559,0.0209,0.0213
1594,318.800,11.6451,0.0209,0.0212
1595,319.000,11.1434,0.0210,0.0217
1596,319.200,12.6501,0.0210,0.0212
1597,319.400,12.4062,0.0227,0.0529
1598,319.600,12.3995,0.0211,0.0213
1599,319.800,12.1626,0.0216,0.0215
1600,320.000,12.6554,0.0270,0.0228
1601,320.200,14.4080,0.0210,0.0214
1602,320.400,14.7009,0.0210,0.0216
1603,320.600,13.3072,0.0209,0.0216
1604,320.800,12.1016,0.0209,0.0220
1605,321.000,11.3463,0.0209,0.0212
1606,321.200,11.6301,0.0209,0.0212
1607,321.400,12.4798,0.0208,0.0218
1608,321.600,11.6379,0.0211,0.0211
1609,321.800,12.0869,0.0219,0.0212
1610,322.000,11.9368,0.0281,0.0215
1611,322.200,11.3604,0.0210,0.0220
1612,322.400,10.7903,0.0211,0.0227
1613,322.600,12.2546,0.0210,0.0220
1614,322.800,12.6784,0.0214,0.0216
1615,323.000,13.3021,0.0209,0.0214
1616,323.200,13.0095,0.0214,0.0219
1617,323.400,12.1574,0.0210,0.0214
1618,323.600,13.7901,0.0210,0.0227
1619,323.800,12.0215,0.0219,0.0221
1620,324.000,10.9541,0.0361,0.0214
1621,324.200,12.0877,0.0210,0.0217
1622,324.400,12.2908,0.0219,0.0292
1623,324.600,12.4734,0.0210,0.0217
1624,324.800,12.9808,0.0211,0.0221
1625,325.000,12.5465,0.0209,0.0214
1626,325.200,12.2914,0.0216,0.0218
1627,325.400,12.1583,0.0210,0.0218
1628,325.600,11.3535,0.0212,0.0227
1629,325.800,11.7330,0.0212,0.0289
1630,326.000,12.6389,0.0347,0.0214
1631,326.200,12.5487,0.0210,0.0215
1632,326.400,14.8547,0.0210,0.0216
1633,326.600,13.2007,0.0215,0.0221
1634,326.800,14.2168,0.0209,0.0222
1635,327.000,12.8525,0.0222,0.0216
1636,327.200,13.2746,0.0209,0.0226
1637,327.400,12.3904,0.0210,0.0219
1638,327.600,12.2129,0.0247,0.0228
1639,327.800,11.8249,0.0217,0.0215
1640,328.000,11.0980,0.0214,0.0213
1641,328.200,12.3087,0.0279,0.0215
1642,328.400,14.1176,0.0217,0.0214
1643,328.600,12.7479,0.0210,0.0213
1644,328.800,12.2322,0.0215,0.0214
1645,329.000,12.2107,0.0211,0.0215
1646,329.200,12.5492,0.0211,0.0215
1647,329.400,11.3555,0.0211,0.0230
1648,329.600,11.3417,0.0226,0.0226
1649,329.800,11.9153,0.0212,0.0217
1650,330.000,12.3162,0.0432,0.0213
1651,330.200,12.3535,0.0215,0.0220
1652,330.400,15.1647,0.0210,0.0215
1653,330.600,16.5420,0.0211,0.0220
1654,330.800,14.9765,0.0210,0.0215
1655,331.000,12.7739,0.0211,0.0214
1656,331.200,12.7358,0.0211,0.0224
1657,331.400,11.8021,0.0210,0.0245
1658,331.600,11.9888,0.0215,0.0220
1659,331.800,11.4766,0.0212,0.0225
1660,332.000,11.7113,0.0225,0.0218
1661,332.200,10.9810,0.0268,0.0215
1662,332.400,11.9492,0.0212,0.0213
1663,332.600,11.6844,0.0215,0.0221
1664,332.800,11.7208,0.0211,0.0799
1665,333.000,11.2330,0.0211,0.0213
1666,333.200,11.7683,0.0211,0.0212
1667,333.400,12.5478,0.0216,0.0214
1668,333.600,12.6949,0.0212,0.0428
1669,333.800,12.5731,0.0216,0.0238
1670,334.000,12.1334,0.0293,0.0218
1671,334.200,11.8073,0.0212,0.0218
1672,334.400,12.0073,0.0212,0.0213
1673,334.600,11.2228,0.0225,0.0219
1674,334.800,13.0933,0.0211,0.0214
1675,335.000,11.2854,0.0216,0.0213
1676,335.200,12.1210,0.0210,0.0213
1677,335.400,11.8406,0.0210,0.0217
1678,335.600,11.8668,0.0212,0.0225
1679,335.800,11.6677,0.0211,0.0216
1680,336.000,11.2147,0.0212,0.0213
1681,336.200,11.1062,0.0277,0.0235
1682,336.400,13.0830,0.0209,0.0225
1683,336.600,12.5614,0.0211,0.0223
1684,336.800,12.3100,0.0249,0.0216
1685,337.000,12.1597,0.0211,0.0223
1686,337.200,12.2852,0.0227,0.0243
1687,337.400,11.0557,0.0210,0.0218
1688,337.600,11.2291,0.0212,0.0213
1689,337.800,11.7419,0.0212,0.0214
1690,338.000,12.6601,0.0212,0.0222
1691,338.200,12.8581,0.0323,0.0227
1692,338.400,12.5660,0.0212,0.0388
1693,338.600,12.5839,0.0215,0.0232
1694,338.800,12.5609,0.0212,0.0222
1695,339.000,12.7564,0.0211,0.0228
1696,339.200,11.8263,0.0211,0.0214
1697,339.400,11.6817,0.0218,0.0213
1698,339.600,12.3856,0.0210,0.0212
1699,339.800,12.2726,0.0226,0.0225
1700,340.000,11.7225,0.0248,0.0225
1701,340.200,11.8747,0.0233,0.0226
1702,340.400,11.8893,0.0216,0.0221
1703,340.600,11.4310,0.0211,0.0217
1704,340.800,11.0201,0.0211,0.0220
1705,341.000,12.0191,0.0211,0.0224
1706,341.200,12.7551,0.0211,0.0219
1707,341.400,13.2367,0.0215,0.0216
1708,341.600,13.0419,0.0209,0.0219
1709,341.800,13.0284,0.0215,0.0224
1710,342.000,12.3454,0.0209,0.0219
1711,342.200,12.3470,0.0260,0.0218
1712,342.400,11.4503,0.0216,0.0224
1713,342.600,11.6897,0.0210,0.0374
1714,342.800,12.2564,0.0212,0.0385
1715,343.000,12.2890,0.0211,0.0384
1716,343.200,12.2087,0.0215,0.0354
1717,343.400,12.2435,0.0210,0.0339
1718,343.600,11.9709,0.0211,0.0329
1719,343.800,12.0205,0.0241,0.0356
1720,344.000,11.0473,0.0341,0.0219
1721,344.200,12.3610,0.0211,0.0218
1722,344.400,11.9542,0.0210,0.0215
1723,344.600,12.0618,0.0211,0.0219
1724,344.800,12.0064,0.0256,0.0229
1725,345.000,11.9574,0.0215,0.0215
1726,345.200,11.4473,0.0211,0.0217
1727,345.400,11.7100,0.0210,0.0217
1728,345.600,12.5416,0.0254,0.0215
1729,345.800,14.4388,0.0218,0.0215
1730,346.000,12.4245,0.0240,0.0212
1731,346.200,11.8786,0.0210,0.0387
1732,346.400,12.0800,0.0214,0.0227
1733,346.600,11.8585,0.0224,0.0222
1734,346.800,11.5591,0.0213,0.0224
1735,347.000,11.0853,0.0220,0.0233
1736,347.200,12.6603,0.0214,0.0219
1737,347.400,12.7356,0.0225,0.0216
1738,347.600,13.5205,0.0211,0.0214
1739,347.800,13.2042,0.0210,0.0220
1740,348.000,12.8234,0.0276,0.0220
1741,348.200,14.5461,0.0253,0.0217
1742,348.400,12.6743,0.0210,0.0215
1743,348.600,11.9983,0.0210,0.0217
1744,348.800,11.3745,0.0211,0.0218
1745,349.000,10.9983,0.0219,0.0583
1746,349.200,12.3914,0.0214,0.0222
1747,349.400,14.6068,0.0210,0.0219
1748,349.600,15.2453,0.0211,0.0218
1749,349.800,14.3475,0.0253,0.0216
1750,350.000,13.7873,0.0244,0.0261
1751,350.200,11.7366,0.0210,0.0212
1752,350.400,12.3131,0.0210,0.0218
1753,350.600,13.0507,0.0215,0.0220
1754,350.800,12.6656,0.0214,0.0219
1755,351.000,12.6053,0.0210,0.0544
1756,351.200,12.3469,0.0216,0.0223
1757,351.400,12.3868,0.0218,0.0225
1758,351.600,12.0482,0.0209,0.0219
1759,351.800,11.2657,0.0209,0.0218
1760,352.000,12.1740,0.0217,0.0221
1761,352.200,12.7729,0.0281,0.0226
1762,352.400,12.6101,0.0218,0.0219
1763,352.600,11.9920,0.0212,0.0218
1764,352.800,12.1066,0.0216,0.0214
1765,353.000,11.8503,0.0209,0.0215
1766,353.200,11.2551,0.0208,0.0218
1767,353.400,11.2508,0.0209,0.0227
1768,353.600,12.3797,0.0209,0.0218
1769,353.800,12.2769,0.0210,0.0216
1770,354.000,11.6919,0.0264,0.0220
1771,354.200,11.8604,0.0243,0.0216
1772,354.400,11.6789,0.0214,0.0218
1773,354.600,10.8101,0.0209,0.0220
1774,354.800,12.0263,0.0209,0.0218
1775,355.000,12.2321,0.0224,0.0213
1776,355.200,11.9838,0.0209,0.0213
1777,355.400,12.0270,0.0212,0.0218
1778,355.600,11.8277,0.0214,0.0220
1779,355.800,11.8587,0.0222,0.0226
1780,356.000,11.4918,0.0248,0.0222
1781,356.200,14.1179,0.0211,0.0221
1782,356.400,12.9570,0.0210,0.0213
1783,356.600,12.6173,0.0211,0.0218
1784,356.800,13.1947,0.0215,0.0215
1785,357.000,13.0723,0.0209,0.0213
1786,357.200,16.9899,0.0210,0.0216
1787,357.400,20.3974,0.0211,0.0215
1788,357.600,18.2161,0.0228,0.0385
1789,357.800,20.6513,0.0228,0.0218
1790,358.000,19.9108,0.0211,0.0216
1791,358.200,20.1464,0.0215,0.0213
1792,358.400,23.4680,0.0215,0.0213
1793,358.600,20.9491,0.0210,0.0214
1794,358.800,24.6209,0.0209,0.0213
1795,359.000,23.1017,0.0213,0.0216
1796,359.200,22.2800,0.0209,0.0220
1797,359.400,19.6965,0.0210,0.0216
1798,359.600,23.1751,0.0209,0.0216
1799,359.800,21.5380,0.0243,0.0305
1800,360.000,20.4463,0.0211,0.0219
1801,360.200,19.3290,0.0223,0.0219
1802,360.400,20.7885,0.0211,0.0276
1803,360.600,16.3077,0.0221,0.0212
1804,360.800,16.2701,0.0215,0.0217
1805,361.000,16.4570,0.0210,0.0214
1806,361.200,17.2736,0.0210,0.0213
1807,361.400,16.4831,0.0216,0.0213
1808,361.600,17.0504,0.0267,0.0213
1809,361.800,16.0703,0.0227,0.0216
1810,362.000,15.9730,0.0210,0.0325
1811,362.200,15.6261,0.0209,0.0393
1812,362.400,16.0884,0.0214,0.0223
1813,362.600,17.2266,0.0218,0.0215
1814,362.800,17.2936,0.0225,0.0220
1815,363.000,17.7798,0.0213,0.0217
1816,363.200,16.2388,0.0208,0.0216
1817,363.400,16.0939,0.0255,0.0214
1818,363.600,17.3787,0.0290,0.0211
1819,363.800,17.7551,0.0209,0.0215
1820,364.000,17.4018,0.0210,0.0215
1821,364.200,16.3750,0.0208,0.0225
1822,364.400,16.5106,0.0209,0.0222
1823,364.600,14.3119,0.0209,0.0218
1824,364.800,14.3013,0.0227,0.0214
1825,365.000,14.3746,0.0209,0.0214
1826,365.200,14.3499,0.0232,0.0214
1827,365.400,14.3409,0.0214,0.0213
1828,365.600,14.0315,0.0252,0.0216
1829,365.800,14.2406,0.0211,0.0219
1830,366.000,13.9213,0.0214,0.0216
1831,366.200,13.8728,0.0210,0.0215
1832,366.400,14.1107,0.0210,0.0403
1833,366.600,14.9873,0.0213,0.0224
1834,366.800,15.1805,0.0244,0.0217
1835,367.000,14.6733,0.0209,0.0213
1836,367.200,14.7197,0.0246,0.0216
1837,367.400,15.1325,0.0224,0.0221
1838,367.600,16.3688,0.0227,0.0215
1839,367.800,15.8612,0.0219,0.0211
1840,368.000,14.4947,0.0209,0.0210
1841,368.200,14.0332,0.0209,0.0228
1842,368.400,15.2300,0.0209,0.0215
1843,368.600,13.9021,0.0210,0.0218
1844,368.800,14.5126,0.0208,0.0221
1845,369.000,14.3502,0.0213,0.0222
1846,369.200,13.8301,0.0210,0.0215
1847,369.400,14.9605,0.0273,0.0214
1848,369.600,14.4181,0.0209,0.0211
1849,369.800,14.1809,0.0209,0.0214
1850,370.000,14.0207,0.0210,0.0335
1851,370.200,13.7947,0.0209,0.0223
1852,370.400,13.4139,0.0220,0.0219
1853,370.600,13.6631,0.0210,0.0242
1854,370.800,13.8180,0.0209,0.0220
1855,371.000,13.5244,0.0209,0.0219
1856,371.200,15.8093,0.0210,0.0214
1857,371.400,15.5207,0.0219,0.0215
1858,371.600,15.4652,0.0242,0.0217
1859,371.800,15.7664,0.0213,0.0220
1860,372.000,19.5962,0.0209,0.0219
1861,372.200,20.6980,0.0209,0.0216
1862,372.400,17.8496,0.0211,0.0211
1863,372.600,19.2064,0.0211,0.0269
1864,372.800,19.6336,0.0227,0.0361
1865,373.000,17.8815,0.0211,0.0226
1866,373.200,18.8461,0.0213,0.0220
1867,373.400,24.2153,0.0259,0.0216
1868,373.600,20.8271,0.0209,0.0216
1869,373.800,19.5766,0.0211,0.0253
1870,374.000,16.0720,0.0212,0.0218
1871,374.200,15.7750,0.0212,0.0217
1872,374.400,15.6536,0.0212,0.0219
1873,374.600,15.8691,0.0211,0.0215
1874,374.800,17.1187,0.0210,0.0215
1875,375.000,17.2194,0.0210,0.0219
1876,375.200,16.5102,0.0212,0.0222
1877,375.400,15.9492,0.0272,0.0213
1878,375.600,16.0882,0.0209,0.0217
1879,375.800,16.0004,0.0210,0.0273
1880,376.000,16.4916,0.0209,0.0217
1881,376.200,18.3416,0.0214,0.0287
1882,376.400,16.4991,0.0210,0.0214
1883,376.600,16.1366,0.0210,0.0218
1884,376.800,16.1318,0.0213,0.0214
1885,377.000,16.3489,0.0211,0.0217
1886,377.200,16.9072,0.0215,0.0451
1887,377.400,18.5651,0.0409,0.0392
1888,377.600,17.7966,0.0208,0.0217
1889,377.800,16.2773,0.0250,0.0215
1890,378.000,16.2509,0.0222,0.0216
1891,378.200,16.2971,0.0210,0.0216
1892,378.400,18.4561,0.0209,0.0216
1893,378.600,16.6364,0.0211,0.0212
1894,378.800,16.2577,0.0208,0.0215
1895,379.000,15.8826,0.0209,0.0216
1896,379.200,15.9750,0.0210,0.0216
1897,379.400,18.9056,0.0219,0.0430
1898,379.600,19.4100,0.0208,0.0244
1899,379.800,18.2150,0.0209,0.0216
1900,380.000,17.9434,0.0213,0.0221
1901,380.200,18.7854,0.0210,0.0214
1902,380.400,19.1951,0.0210,0.0215
1903,380.600,17.5657,0.0223,0.0215
1904,380.800,20.3576,0.0210,0.0220
1905,381.000,21.0711,0.0215,0.0216
1906,381.200,18.6198,0.0210,0.0213
1907,381.400,19.5107,0.0314,0.0214
1908,381.600,18.2535,0.0223,0.0219
1909,381.800,15.6330,0.0212,0.0220
1910,382.000,15.8104,0.0211,0.0215
1911,382.200,15.6462,0.0210,0.0216
1912,382.400,16.0230,0.0210,0.0220
1913,382.600,17.1501,0.0214,0.0215
1914,382.800,17.5398,0.0211,0.0214
1915,383.000,17.8537,0.0223,0.0213
1916,383.200,16.0614,0.0217,0.0211
1917,383.400,16.0255,0.0259,0.0222
1918,383.600,15.7541,0.0213,0.0213
1919,383.800,16.3016,0.0210,0.0216
1920,384.000,16.4754,0.0209,0.0221
1921,384.200,17.0856,0.0210,0.0222
1922,384.400,16.0024,0.0211,0.0217
1923,384.600,15.8645,0.0209,0.0213
1924,384.800,15.8740,0.0211,0.0213
1925,385.000,16.0560,0.0209,0.0218
1926,385.200,15.9754,0.0289,0.0215
1927,385.400,16.9420,0.0211,0.0215
1928,385.600,16.2623,0.0217,0.0266
1929,385.800,16.0186,0.0214,0.0219
1930,386.000,15.9428,0.0210,0.0220
1931,386.200,15.5921,0.0210,0.0221
1932,386.400,16.2594,0.0215,0.0219
1933,386.600,16.7462,0.0209,0.0222
1934,386.800,17.5825,0.0211,0.0220
1935,387.000,17.9067,0.0300,0.0215
1936,387.200,16.6669,0.0244,0.0216
1937,387.400,15.8868,0.0209,0.0217
1938,387.600,15.7496,0.0208,0.0215
1939,387.800,15.7892,0.0214,0.0217
1940,388.000,15.7153,0.0210,0.0218
1941,388.200,16.8397,0.0217,0.0382
1942,388.400,20.6594,0.0209,0.0223
1943,388.600,18.4419,0.0217,0.0215
1944,388.800,19.1835,0.0227,0.0214
1945,389.000,19.3504,0.0265,0.0216
1946,389.200,18.7042,0.0246,0.0213
1947,389.400,18.7939,0.0208,0.0214
1948,389.600,19.2989,0.0208,0.0221
1949,389.800,17.9532,0.0210,0.0219
1950,390.000,19.1527,0.0210,0.0216
1951,390.200,17.3831,0.0210,0.0223
1952,390.400,16.7790,0.0210,0.0294
1953,390.600,16.2503,0.0209,0.0217
1954,390.800,16.2943,0.0244,0.0217
1955,391.000,16.2502,0.0263,0.0216
1956,391.200,16.7416,0.0343,0.0214
1957,391.400,18.9819,0.0211,0.0216
1958,391.600,17.1550,0.0209,0.0214
1959,391.800,16.5981,0.0213,0.0215
1960,392.000,16.0343,0.0217,0.0215
1961,392.200,16.4738,0.0208,0.0217
1962,392.400,16.9073,0.0209,0.0214
1963,392.600,17.4033,0.0211,0.0219
1964,392.800,16.3274,0.0268,0.0906
1965,393.000,15.3150,0.0263,0.0221
1966,393.200,16.2793,0.0216,0.0214
1967,393.400,15.9757,0.0218,0.0216
1968,393.600,16.0351,0.0209,0.0218
1969,393.800,16.9166,0.0217,0.0214
1970,394.000,16.6520,0.0209,0.0212
1971,394.200,17.9743,0.0209,0.0213
1972,394.400,16.2627,0.0215,0.0216
1973,394.600,16.2374,0.0282,0.0219
1974,394.800,16.5684,0.0295,0.0213
1975,395.000,20.5582,0.0223,0.0218
1976,395.200,19.5352,0.0213,0.0277
1977,395.400,18.0366,0.0215,0.0222
1978,395.600,17.3236,0.0211,0.0220
1979,395.800,17.3621,0.0226,0.0264
1980,396.000,16.1909,0.0213,0.0211
1981,396.200,16.5640,0.0210,0.0216
1982,396.400,16.1765,0.0215,0.0215
1983,396.600,15.8825,0.0249,0.0215
1984,396.800,17.2275,0.0376,0.0216
1985,397.000,16.6035,0.0228,0.0223
1986,397.200,16.4589,0.0212,0.0216
1987,397.400,16.2719,0.0211,0.0230
1988,397.600,17.7971,0.0216,0.0215
1989,397.800,18.7558,0.0230,0.0216
1990,398.000,18.8837,0.0212,0.0216
1991,398.200,17.8923,0.0280,0.0212
1992,398.400,17.8124,0.0340,0.0216
1993,398.600,18.4790,0.0211,0.0217
1994,398.800,20.0996,0.0211,0.0218
1995,399.000,18.0052,0.0210,0.0215
1996,399.200,18.5978,0.0210,0.0269
1997,399.400,19.2772,0.0210,0.0217
1998,399.600,18.1807,0.0210,0.0299
1999,399.800,17.4214,0.0255,0.0222
2000,400.000,18.5232,0.0210,0.0216
2001,400.200,20.1500,0.0235,0.0216
2002,400.400,18.7541,0.0298,0.0212
2003,400.600,19.1170,0.0211,0.0219
2004,400.800,19.2567,0.0211,0.0215
2005,401.000,17.9237,0.0221,0.0218
2006,401.200,15.8986,0.0210,0.0216
2007,401.400,16.0846,0.0214,0.0219
2008,401.600,16.7271,0.0209,0.0217
2009,401.800,16.8719,0.0214,0.0217
2010,402.000,16.2010,0.0279,0.0226
2011,402.200,16.5225,0.0309,0.0312
2012,402.400,16.5037,0.0210,0.0214
2013,402.600,17.7095,0.0211,0.0215
2014,402.800,20.7456,0.0209,0.0214
2015,403.000,16.6471,0.0210,0.0221
2016,403.200,15.8705,0.0208,0.0214
2017,403.400,15.9681,0.0232,0.0217
2018,403.600,15.8855,0.0209,0.0217
2019,403.800,17.6502,0.0228,0.0216
2020,404.000,18.2129,0.0296,0.0217
2021,404.200,16.2176,0.0219,0.0222
2022,404.400,15.9929,0.0210,0.0223
2023,404.600,16.0703,0.0209,0.0218
2024,404.800,16.4323,0.0210,0.0214
2025,405.000,16.7286,0.0210,0.0216
2026,405.200,16.5000,0.0214,0.0217
2027,405.400,19.3653,0.0210,0.0215
2028,405.600,18.0647,0.0265,0.0215
2029,405.800,18.6115,0.0238,0.0214
2030,406.000,19.1282,0.0284,0.0220
2031,406.200,18.0888,0.0210,0.0220
2032,406.400,17.5256,0.0210,0.0220
2033,406.600,19.9438,0.0210,0.0220
2034,406.800,18.7286,0.0210,0.0218
2035,407.000,17.5605,0.0209,0.0257
2036,407.200,18.2067,0.0209,0.0214
2037,407.400,19.2824,0.0208,0.0213
2038,407.600,18.5990,0.0237,0.0214
2039,407.800,17.4982,0.0246,0.0222
2040,408.000,18.4228,0.0213,0.0216
2041,408.200,18.5760,0.0210,0.0215
2042,408.400,17.7086,0.0208,0.0227
2043,408.600,17.3187,0.0222,0.0225
2044,408.800,18.2156,0.0209,0.0227
2045,409.000,18.7103,0.0224,0.0224
2046,409.200,18.1702,0.0267,0.0215
2047,409.400,17.5680,0.0257,0.0551
2048,409.600,19.4393,0.0231,0.0215
2049,409.800,18.7729,0.0285,0.0217
2050,410.000,16.0702,0.0282,0.0214
2051,410.200,15.9772,0.0219,0.0217
2052,410.400,16.2497,0.0238,0.0217
2053,410.600,18.7923,0.0248,0.0221
2054,410.800,17.0132,0.0250,0.0218
2055,411.000,16.2418,0.0217,0.0217
2056,411.200,16.1263,0.0276,0.0228
2057,411.400,15.9573,0.0234,0.0223
2058,411.600,16.3537,0.0278,0.0219
2059,411.800,17.9425,0.0410,0.0215
2060,412.000,17.0742,0.0393,0.0216
2061,412.200,15.9530,0.0310,0.0219
2062,412.400,16.2795,0.0351,0.0213
2063,412.600,16.1738,0.0384,0.0218
2064,412.800,15.8905,0.0331,0.0213
2065,413.000,17.7261,0.0291,0.0212
2066,413.200,17.3521,0.0219,0.0217
2067,413.400,16.5670,0.0227,0.0235
2068,413.600,16.4204,0.0226,0.0216
2069,413.800,16.1345,0.0226,0.0216
2070,414.000,16.3535,0.0259,0.0221
2071,414.200,19.6942,0.0244,0.0214
2072,414.400,18.6901,0.0244,0.0221
2073,414.600,17.6381,0.0494,0.0215
2074,414.800,18.9081,0.0288,0.0217
2075,415.000,20.0491,0.0272,0.0214
2076,415.200,18.5436,0.0307,0.0214
2077,415.400,17.6490,0.0317,0.0213
2078,415.600,18.4204,0.0391,0.0214
2079,415.800,18.6373,0.0417,0.0227
2080,416.000,18.3411,0.0472,0.0215
2081,416.200,20.2869,0.0243,0.0212
2082,416.400,21.2983,0.0210,0.0214
2083,416.600,18.2509,0.0210,0.0217
2084,416.800,18.9503,0.0213,0.0214
2085,417.000,19.5116,0.0239,0.0214
2086,417.200,17.6346,0.0297,0.0215
2087,417.400,18.6497,0.0239,0.0269
2088,417.600,19.0340,0.0213,0.0219
2089,417.800,17.9311,0.0211,0.0230
2090,418.000,17.6924,0.0211,0.0318
2091,418.200,18.3222,0.0214,0.0220
2092,418.400,18.3563,0.0214,0.0220
2093,418.600,17.5188,0.0209,0.0216
2094,418.800,17.3680,0.0255,0.0219
2095,419.000,18.3339,0.0267,0.0218
2096,419.200,18.8642,0.0280,0.0230
2097,419.400,16.3175,0.0247,0.0215
2098,419.600,15.8155,0.0229,0.0212
2099,419.800,16.2796,0.0211,0.0218
2100,420.000,16.8605,0.0210,0.0562
2101,420.200,17.2661,0.0238,0.0228
2102,420.400,17.7670,0.0209,0.0216
2103,420.600,16.5914,0.0209,0.0214
2104,420.800,16.5832,0.0255,0.0216
2105,421.000,16.0316,0.0239,0.0218
2106,421.200,17.3114,0.0235,0.0259
2107,421.400,19.8515,0.0223,0.0214
2108,421.600,17.6235,0.0250,0.0216
2109,421.800,16.4158,0.0213,0.0214
2110,422.000,18.5666,0.0210,0.0226
2111,422.200,20.7441,0.0211,0.0222
2112,422.400,17.4841,0.0213,0.0233
2113,422.600,17.9822,0.0273,0.0222
2114,422.800,18.3081,0.0270,0.0217
2115,423.000,18.4838,0.0212,0.0213
2116,423.200,17.1681,0.0217,0.0213
2117,423.400,19.8884,0.0211,0.0216
2118,423.600,23.2082,0.0211,0.0218
2119,423.800,22.3731,0.0223,0.0213
2120,424.000,16.7322,0.0212,0.0213
2121,424.200,17.0896,0.0244,0.0226
2122,424.400,18.8687,0.0224,0.0222
2123,424.600,16.8493,0.0433,0.0230
2124,424.800,17.3752,0.0212,0.0219
2125,425.000,15.8434,0.0217,0.0215
2126,425.200,16.3446,0.0221,0.0229
2127,425.400,15.7368,0.0215,0.0214
2128,425.600,15.9931,0.0211,0.0213
2129,425.800,16.3251,0.0211,0.0217
2130,426.000,16.6046,0.0212,0.0227
2131,426.200,16.1764,0.0286,0.0217
2132,426.400,16.0508,0.0275,0.0212
2133,426.600,16.1048,0.0221,0.0219
2134,426.800,15.7648,0.0219,0.0225
2135,427.000,15.7703,0.0210,0.0232
2136,427.200,16.6121,0.0211,0.0215
2137,427.400,16.6519,0.0212,0.0327
2138,427.600,17.0629,0.0216,0.0303
2139,427.800,16.1714,0.0211,0.0214
2140,428.000,15.8465,0.0235,0.0214
2141,428.200,15.6569,0.0240,0.0217
2142,428.400,15.9358,0.0211,0.0217
2143,428.600,16.0912,0.0216,0.0218
2144,428.800,16.5835,0.0210,0.0214
2145,429.000,16.4827,0.0220,0.0221
2146,429.200,18.8417,0.0210,0.0218
2147,429.400,17.9509,0.0209,0.0220
2148,429.600,18.7646,0.0208,0.0215
2149,429.800,19.7880,0.0215,0.0215
2150,430.000,19.1552,0.0250,0.0222
2151,430.200,19.5335,0.0258,0.0220
2152,430.400,19.8292,0.0216,0.0217
2153,430.600,18.5477,0.0211,0.0214
2154,430.800,19.1783,0.0210,0.0213
2155,431.000,20.8405,0.0215,0.0264
2156,431.200,18.2638,0.0212,0.0230
2157,431.400,19.5594,0.0211,0.0217
2158,431.600,21.9240,0.0224,0.0221
2159,431.800,20.4198,0.0224,0.0229
2160,432.000,22.5943,0.0351,0.0217
2161,432.200,22.8864,0.0218,0.0215
2162,432.400,25.4715,0.0210,0.0213
2163,432.600,21.4446,0.0211,0.0218
2164,432.800,20.4062,0.0209,0.0577
2165,433.000,20.3225,0.0210,0.0219
2166,433.200,23.2365,0.0214,0.0215
2167,433.400,21.9831,0.0209,0.0225
2168,433.600,24.5505,0.0235,0.0219
2169,433.800,25.0449,0.0246,0.0212
2170,434.000,22.0763,0.0271,0.0214
2171,434.200,21.1800,0.0210,0.0219
2172,434.400,19.6409,0.0214,0.0224
2173,434.600,20.4565,0.0210,0.0220
2174,434.800,19.3209,0.0209,0.0215
2175,435.000,17.7740,0.0212,0.0215
2176,435.200,20.2365,0.0209,0.0215
2177,435.400,20.8438,0.0225,0.0220
2178,435.600,20.2649,0.0268,0.0213
2179,435.800,21.1594,0.0242,0.0227
2180,436.000,17.5503,0.0223,0.0217
2181,436.200,20.8068,0.0214,0.0216
2182,436.400,21.2506,0.0210,0.0212
2183,436.600,17.7212,0.0218,0.0213
2184,436.800,17.8976,0.0210,0.0292
2185,437.000,17.6271,0.0209,0.0217
2186,437.200,16.1709,0.0211,0.0215
2187,437.400,16.3750,0.0210,0.0216
2188,437.600,15.5622,0.0228,0.0215
2189,437.800,15.7607,0.0273,0.0215
2190,438.000,16.4701,0.0216,0.0216
2191,438.200,17.1309,0.0210,0.0213
2192,438.400,17.4635,0.0209,0.0227
2193,438.600,16.1487,0.0210,0.0221
2194,438.800,16.0068,0.0217,0.0218
2195,439.000,16.0025,0.0220,0.0216
2196,439.200,18.3202,0.0285,0.0218
2197,439.400,18.7156,0.0257,0.0216
2198,439.600,16.5174,0.0241,0.0215
2199,439.800,16.4574,0.0208,0.0214
2200,440.000,16.3062,0.0208,0.0215
2201,440.200,17.7199,0.0211,0.0284
2202,440.400,17.4796,0.0217,0.0220
2203,440.600,18.2236,0.0211,0.0220
2204,440.800,16.7281,0.0215,0.0218
2205,441.000,17.6083,0.0211,0.0217
2206,441.200,20.5908,0.0236,0.0214
2207,441.400,18.0092,0.0283,0.0261
2208,441.600,16.0891,0.0209,0.0216
2209,441.800,16.3164,0.0233,0.0215
2210,442.000,17.0752,0.0208,0.0287
2211,442.200,16.6342,0.0208,0.0220
2212,442.400,16.5806,0.0213,0.0222
2213,442.600,16.2085,0.0208,0.0219
2214,442.800,16.0551,0.0210,0.0219
2215,443.000,15.5374,0.0235,0.0216
2216,443.200,15.8998,0.0293,0.0218
2217,443.400,16.5546,0.0272,0.0220
2218,443.600,16.8102,0.0213,0.0213
2219,443.800,17.6078,0.0210,0.0219
2220,444.000,17.3260,0.0224,0.0213
2221,444.200,17.3836,0.0219,0.0217
2222,444.400,18.9043,0.0208,0.0227
2223,444.600,17.3960,0.0221,0.0216
2224,444.800,16.2410,0.0268,0.0213
2225,445.000,16.1592,0.0256,0.0212
2226,445.200,16.3369,0.0218,0.0216
2227,445.400,16.2159,0.0209,0.0218
2228,445.600,17.5123,0.0210,0.0214
2229,445.800,20.7453,0.0215,0.0212
2230,446.000,17.9711,0.0212,0.0218
2231,446.200,18.6753,0.0209,0.0220
2232,446.400,17.8459,0.0223,0.0220
2233,446.600,16.2550,0.0210,0.0224
2234,446.800,15.7423,0.0237,0.0215
2235,447.000,15.5914,0.0249,0.0222
2236,447.200,15.9822,0.0209,0.0217
2237,447.400,16.1318,0.0210,0.0218
2238,447.600,16.3014,0.0227,0.0217
2239,447.800,16.6150,0.0233,0.0219
2240,448.000,16.5769,0.0209,0.0222
2241,448.200,16.4926,0.0210,0.0272
2242,448.400,16.1384,0.0211,0.0225
2243,448.600,15.6934,0.0215,0.0333
2244,448.800,16.1401,0.0279,0.0634
2245,449.000,16.7225,0.0250,0.0223
2246,449.200,16.4976,0.0209,0.0216
2247,449.400,16.0548,0.0219,0.0215
2248,449.600,16.3216,0.0212,0.0222
2249,449.800,16.2835,0.0223,0.0217
2250,450.000,16.6568,0.0210,0.0217
2251,450.200,17.3991,0.0210,0.0216
2252,450.400,17.2674,0.0233,0.0575
2253,450.600,16.6742,0.0329,0.0220
2254,450.800,16.2059,0.0211,0.0228
2255,451.000,16.0383,0.0211,0.0219
2256,451.200,16.4965,0.0213,0.0309
2257,451.400,16.7648,0.0215,0.0217
2258,451.600,20.1137,0.0211,0.0213
2259,451.800,18.6127,0.0210,0.0215
2260,452.000,20.2320,0.0234,0.0219
2261,452.200,17.9192,0.0215,0.0215
2262,452.400,16.9100,0.0271,0.0217
2263,452.600,17.0715,0.0219,0.0218
2264,452.800,18.7066,0.0215,0.0220
2265,453.000,18.6474,0.0210,0.0222
2266,453.200,17.3149,0.0212,0.0214
2267,453.400,17.5564,0.0212,0.0391
2268,453.600,18.4178,0.0211,0.0225
2269,453.800,18.1980,0.0217,0.0224
2270,454.000,16.8104,0.0211,0.0222
2271,454.200,16.6162,0.0219,0.0220
2272,454.400,16.7494,0.0266,0.0218
2273,454.600,18.3345,0.0217,0.0223
2274,454.800,18.9707,0.0213,0.0220
2275,455.000,17.0315,0.0217,0.0222
2276,455.200,16.2989,0.0212,0.0221
2277,455.400,17.4105,0.0211,0.0218
2278,455.600,18.0103,0.0212,0.0212
2279,455.800,16.3007,0.0212,0.0213
2280,456.000,16.5726,0.0215,0.0216
2281,456.200,16.1751,0.0214,0.0220
2282,456.400,15.7948,0.0240,0.0218
2283,456.600,17.8752,0.0213,0.0214
2284,456.800,17.3793,0.0212,0.0212
2285,457.000,18.6683,0.0230,0.0221
2286,457.200,16.4378,0.0212,0.0232
2287,457.400,16.2320,0.0212,0.0218
2288,457.600,19.4996,0.0217,0.0214
2289,457.800,19.6976,0.0216,0.0264
2290,458.000,18.1991,0.0213,0.0214
2291,458.200,19.1975,0.0293,0.0217
2292,458.400,18.0894,0.0213,0.0217
2293,458.600,18.7827,0.0221,0.0217
2294,458.800,16.4299,0.0213,0.0216
2295,459.000,16.8660,0.0217,0.0223
2296,459.200,17.1020,0.0214,0.0219
2297,459.400,18.5822,0.0213,0.0394
2298,459.600,16.2371,0.0248,0.0228
2299,459.800,15.8075,0.0212,0.0215
2300,460.000,15.7928,0.0222,0.0212
2301,460.200,16.9884,0.0377,0.0215
2302,460.400,17.8176,0.0211,0.0215
2303,460.600,16.7672,0.0212,0.0215
2304,460.800,16.8756,0.0225,0.0216
2305,461.000,16.1831,0.0211,0.0213
2306,461.200,16.0140,0.0210,0.0262
2307,461.400,17.3871,0.0219,0.0215
2308,461.600,18.1158,0.0227,0.0225
2309,461.800,16.2719,0.0212,0.0217
2310,462.000,16.4359,0.0319,0.0221
2311,462.200,15.8438,0.0225,0.0213
2312,462.400,16.9144,0.0212,0.0214
2313,462.600,19.0331,0.0215,0.0254
2314,462.800,19.3762,0.0210,0.0216
2315,463.000,17.0288,0.0212,0.0215
2316,463.200,16.8764,0.0211,0.0216
2317,463.400,16.9018,0.0219,0.0219
2318,463.600,16.7868,0.0210,0.0227
2319,463.800,17.4402,0.0212,0.0215
2320,464.000,16.2103,0.0299,0.0384
2321,464.200,15.9076,0.0210,0.0225
2322,464.400,16.1447,0.0219,0.0215
2323,464.600,18.1937,0.0219,0.0216
2324,464.800,16.6459,0.0214,0.0213
2325,465.000,16.1848,0.0215,0.0214
2326,465.200,16.2062,0.0210,0.0214
2327,465.400,16.2963,0.0211,0.0214
2328,465.600,20.7605,0.0214,0.0215
2329,465.800,19.3313,0.0255,0.0222
2330,466.000,17.3946,0.0227,0.0227
2331,466.200,16.1359,0.0212,0.0232
2332,466.400,16.9200,0.0210,0.0218
2333,466.600,17.3966,0.0217,0.0213
2334,466.800,16.5779,0.0211,0.0217
2335,467.000,16.2203,0.0210,0.0218
2336,467.200,16.2584,0.0232,0.0216
2337,467.400,15.8943,0.0211,0.0215
2338,467.600,17.2195,0.0214,0.0213
2339,467.800,16.4448,0.0311,0.0214
2340,468.000,16.8438,0.0211,0.0216
2341,468.200,16.3157,0.0210,0.0225
2342,468.400,15.7801,0.0211,0.0218
2343,468.600,16.1726,0.0210,0.0217
2344,468.800,15.7627,0.0211,0.0215
2345,469.000,16.3581,0.0209,0.0220
2346,469.200,16.8209,0.0210,0.0215
2347,469.400,17.1515,0.0223,0.0212
2348,469.600,15.8391,0.0226,0.0227
2349,469.800,15.6424,0.0309,0.0216
2350,470.000,15.6952,0.0210,0.0222
2351,470.200,15.7135,0.0212,0.0297
2352,470.400,15.7448,0.0212,0.0218
2353,470.600,16.4952,0.0211,0.0225
2354,470.800,16.4840,0.0210,0.0215
2355,471.000,16.3161,0.0218,0.0216
2356,471.200,15.2550,0.0211,0.0215
2357,471.400,16.0922,0.0215,0.0216
2358,471.600,15.5574,0.0209,0.0216
2359,471.800,16.4025,0.0211,0.0264
2360,472.000,16.1150,0.0338,0.0213
2361,472.200,16.7484,0.0215,0.0280
2362,472.400,16.3158,0.0221,0.0218
2363,472.600,16.6633,0.0213,0.0222
2364,472.800,15.6642,0.0226,0.0216
2365,473.000,16.1580,0.0213,0.0220
2366,473.200,16.8004,0.0225,0.0213
2367,473.400,18.4939,0.0212,0.0215
2368,473.600,17.4600,0.0226,0.0218
2369,473.800,18.9964,0.0256,0.0216
2370,474.000,17.0097,0.0212,0.0217
2371,474.200,17.9736,0.0226,0.0219
2372,474.400,18.5558,0.0213,0.0217
2373,474.600,16.2744,0.0212,0.0218
2374,474.800,16.4097,0.0221,0.0217
2375,475.000,16.2303,0.0212,0.0219
2376,475.200,16.4639,0.0217,0.0211
2377,475.400,18.0501,0.0212,0.0215
2378,475.600,19.0799,0.0213,0.0214
2379,475.800,16.2343,0.0276,0.0216
2380,476.000,16.1352,0.0212,0.0215
2381,476.200,16.3697,0.0220,0.0217
2382,476.400,18.3909,0.0213,0.0216
2383,476.600,18.3234,0.0212,0.0670
2384,476.800,16.7844,0.0211,0.0577
2385,477.000,16.0967,0.0212,0.0218
2386,477.200,15.9004,0.0225,0.0218
2387,477.400,17.1286,0.0225,0.0215
2388,477.600,16.8359,0.0233,0.0215
2389,477.800,16.1535,0.0217,0.0216
2390,478.000,15.7991,0.0212,0.0218
2391,478.200,15.5291,0.0217,0.0216
2392,478.400,15.8692,0.0215,0.0215
2393,478.600,16.4609,0.0212,0.0293
2394,478.800,16.7828,0.0212,0.0217
2395,479.000,18.0174,0.0222,0.0225
2396,479.200,18.2005,0.0214,0.0214
2397,479.400,16.6960,0.0289,0.0214
2398,479.600,16.7689,0.0212,0.0216
2399,479.800,19.1081,0.0211,0.0212
2400,480.000,18.9910,0.0227,0.0215
2401,480.200,16.5796,0.0218,0.0216
2402,480.400,16.5612,0.0253,0.0212
2403,480.600,15.9220,0.0367,0.0218
2404,480.800,17.3057,0.0255,0.0223
2405,481.000,16.1046,0.0220,0.0214
2406,481.200,16.4082,0.0268,0.0230
2407,481.400,17.8382,0.0224,0.0214
2408,481.600,16.4428,0.0211,0.0213
2409,481.800,16.0531,0.0213,0.0212
2410,482.000,17.1581,0.0229,0.0214
2411,482.200,18.5335,0.0342,0.0214
2412,482.400,17.0105,0.0340,0.0217
2413,482.600,17.8155,0.0229,0.0260
2414,482.800,17.2065,0.0218,0.0216
2415,483.000,17.4850,0.0266,0.0423
2416,483.200,18.0012,0.0211,0.0218
2417,483.400,16.4797,0.0215,0.0218
2418,483.600,15.9365,0.0210,0.0223
2419,483.800,16.8485,0.0221,0.0217
2420,484.000,17.7947,0.0364,0.0215
2421,484.200,17.4478,0.0305,0.0215
2422,484.400,15.9674,0.0212,0.0216
2423,484.600,16.1406,0.0273,0.0219
2424,484.800,16.5163,0.0209,0.0213
2425,485.000,17.8370,0.0220,0.0214
2426,485.200,16.7656,0.0209,0.0212
2427,485.400,17.1811,0.0214,0.0216
2428,485.600,16.2977,0.0210,0.0216
2429,485.800,16.1220,0.0210,0.0225
2430,486.000,16.0207,0.0214,0.0215
2431,486.200,16.8264,0.0213,0.0214
2432,486.400,16.6669,0.0226,0.0215
2433,486.600,17.0947,0.0316,0.0214
2434,486.800,16.4457,0.0237,0.0213
2435,487.000,16.0368,0.0210,0.0213
2436,487.200,15.8440,0.0209,0.0221
2437,487.400,16.3935,0.0211,0.0253
2438,487.600,18.7186,0.0226,0.0215
2439,487.800,20.5583,0.0212,0.0230
2440,488.000,17.3221,0.0217,0.0218
2441,488.200,17.2640,0.0211,0.0214
2442,488.400,17.8369,0.0264,0.0216
2443,488.600,16.1551,0.0210,0.0218
2444,488.800,16.3226,0.0208,0.0218
2445,489.000,16.1143,0.0210,0.0214
2446,489.200,16.4668,0.0269,0.0214
2447,489.400,17.1071,0.0239,0.0213
2448,489.600,16.8606,0.0209,0.0256
2449,489.800,17.0141,0.0210,0.0218
2450,490.000,15.5728,0.0208,0.0227
2451,490.200,16.0782,0.0221,0.0218
2452,490.400,15.7878,0.0244,0.0219
2453,490.600,15.6153,0.0216,0.0267
2454,490.800,15.8214,0.0213,0.0212
2455,491.000,16.3439,0.0214,0.0218
2456,491.200,16.7714,0.0211,0.0214
2457,491.400,16.9692,0.0212,0.0217
2458,491.600,15.6467,0.0210,0.0217
2459,491.800,15.7770,0.0211,0.0323
2460,492.000,15.6941,0.0218,0.0216
2461,492.200,15.7739,0.0268,0.0225
2462,492.400,15.6497,0.0215,0.0213
2463,492.600,16.2165,0.0215,0.0217
2464,492.800,16.7689,0.0225,0.0211
2465,493.000,17.2878,0.0211,0.0215
2466,493.200,17.0313,0.0211,0.0213
2467,493.400,16.1960,0.0211,0.0216
2468,493.600,15.8650,0.0216,0.0215
2469,493.800,15.7472,0.0284,0.0214
2470,494.000,16.4902,0.0271,0.0429
2471,494.200,18.3582,0.0366,0.0293
2472,494.400,16.7578,0.0216,0.0215
2473,494.600,15.9183,0.0209,0.0214
2474,494.800,16.4899,0.0210,0.0214
2475,495.000,16.1030,0.0212,0.0214
2476,495.200,16.8152,0.0227,0.0213
2477,495.400,16.7101,0.0214,0.0212
2478,495.600,16.6277,0.0253,0.0212
2479,495.800,16.2995,0.0283,0.0216
2480,496.000,15.8422,0.0321,0.0218
2481,496.200,15.5204,0.0208,0.0393
2482,496.400,16.2681,0.0209,0.0793
2483,496.600,16.4693,0.0209,0.0222
2484,496.800,16.4502,0.0209,0.0266
2485,497.000,17.0896,0.0210,0.0216
2486,497.200,16.1907,0.0210,0.0215
2487,497.400,16.2583,0.0213,0.0214
2488,497.600,16.0338,0.0209,0.0215
2489,497.800,15.8672,0.0277,0.0216
2490,498.000,16.0401,0.0209,0.0215
2491,498.200,16.4674,0.0214,0.0219
2492,498.400,16.3648,0.0213,0.0216
2493,498.600,17.2970,0.0211,0.0227
2494,498.800,16.4340,0.0211,0.0215
2495,499.000,15.6138,0.0209,0.0217
2496,499.200,16.1690,0.0211,0.0214
2497,499.400,16.6773,0.0220,0.0213
2498,499.600,17.8990,0.0211,0.0213
2499,499.800,19.5701,0.0382,0.0215
2500,500.000,16.9894,0.0212,0.0212
2501,500.200,16.3881,0.0211,0.0224
2502,500.400,17.0180,0.0224,0.0216
2503,500.600,17.0753,0.0211,0.0221
2504,500.800,16.6318,0.0299,0.0322
2505,501.000,16.0453,0.0210,0.0216
2506,501.200,15.8265,0.0216,0.0215
2507,501.400,17.0381,0.0210,0.0215
2508,501.600,17.6679,0.0359,0.0211
2509,501.800,17.2596,0.0211,0.0218
2510,502.000,19.3485,0.0210,0.0214
2511,502.200,17.6877,0.0211,0.0213
2512,502.400,17.5051,0.0211,0.0217
2513,502.600,16.6401,0.0263,0.0216
2514,502.800,17.2738,0.0285,0.0221
2515,503.000,15.7891,0.0232,0.0217
2516,503.200,15.9783,0.0211,0.0214
2517,503.400,16.0392,0.0319,0.0214
2518,503.600,16.5441,0.0210,0.0220
2519,503.800,16.4705,0.0224,0.0311
2520,504.000,18.3279,0.0210,0.0216
2521,504.200,16.4051,0.0210,0.0213
2522,504.400,17.0184,0.0215,0.0212
2523,504.600,16.2847,0.0210,0.0231
2524,504.800,17.3624,0.0210,0.0221
2525,505.000,17.9080,0.0223,0.0222
2526,505.200,16.4596,0.0211,0.0215
2527,505.400,16.1527,0.0265,0.0219
2528,505.600,16.9727,0.0211,0.0215
2529,505.800,18.9150,0.0213,0.0218
2530,506.000,17.8184,0.0210,0.0217
2531,506.200,17.7897,0.0215,0.0213
2532,506.400,16.2349,0.0212,0.0320
2533,506.600,16.5397,0.0213,0.0234
2534,506.800,17.9806,0.0211,0.0219
2535,507.000,17.7895,0.0218,0.0215
2536,507.200,16.6332,0.0212,0.0230
2537,507.400,16.5099,0.0226,0.0216
2538,507.600,16.5390,0.0211,0.0222
2539,507.800,16.7829,0.0216,0.0217
2540,508.000,18.0491,0.0220,0.0221
2541,508.200,17.3239,0.0211,0.0224
2542,508.400,16.7734,0.0211,0.0217
2543,508.600,16.0068,0.0224,0.0233
2544,508.800,16.1772,0.0213,0.0218
2545,509.000,20.8839,0.0216,0.0216
2546,509.200,17.6450,0.0353,0.0215
2547,509.400,16.3466,0.0211,0.0225
2548,509.600,17.3502,0.0210,0.0223
2549,509.800,18.7939,0.0209,0.0221
2550,510.000,20.2396,0.0209,0.0221
2551,510.200,17.5096,0.0216,0.0232
2552,510.400,16.5465,0.0209,0.0219
2553,510.600,16.7916,0.0225,0.0214
2554,510.800,16.9183,0.0211,0.0224
2555,511.000,16.2357,0.0303,0.0358
2556,511.200,16.0308,0.0211,0.0215
2557,511.400,15.9961,0.0210,0.0275
2558,511.600,16.9518,0.0211,0.0220
2559,511.800,16.9319,0.0208,0.0215
2560,512.000,18.3880,0.0210,0.0269
2561,512.200,16.0386,0.0210,0.0221
2562,512.400,15.8643,0.0211,0.0212
2563,512.600,15.9240,0.0210,0.0223
2564,512.800,16.7294,0.0210,0.0218
2565,513.000,17.1467,0.0211,0.0390
2566,513.200,17.0665,0.0285,0.0216
2567,513.400,16.2531,0.0208,0.0232
2568,513.600,15.9480,0.0208,0.0217
2569,513.800,16.0158,0.0222,0.0216
2570,514.000,16.2098,0.0209,0.0213
2571,514.200,16.7609,0.0209,0.0217
2572,514.400,16.5669,0.0209,0.0216
2573,514.600,20.6970,0.0222,0.0215
2574,514.800,17.5479,0.0248,0.0211
2575,515.000,18.7448,0.0209,0.0367
2576,515.200,18.3682,0.0209,0.0216
2577,515.400,17.7184,0.0209,0.0282
2578,515.600,19.0589,0.0222,0.0272
2579,515.800,19.8083,0.0214,0.0229
2580,516.000,17.6858,0.0223,0.0215
2581,516.200,17.8140,0.0215,0.0214
2582,516.400,18.5414,0.0209,0.0213
2583,516.600,18.8962,0.0210,0.0212
2584,516.800,17.3799,0.0378,0.0211
2585,517.000,20.2245,0.0211,0.0216
2586,517.200,22.4944,0.0210,0.0217
2587,517.400,23.5318,0.0210,0.0225
2588,517.600,20.1853,0.0211,0.0265
2589,517.800,22.5226,0.0209,0.0213
2590,518.000,22.2760,0.0210,0.0214
2591,518.200,21.1328,0.0224,0.0221
2592,518.400,20.7212,0.0236,0.0215
2593,518.600,23.0272,0.0276,0.0214
2594,518.800,22.9046,0.0209,0.0210
2595,519.000,26.1314,0.0209,0.0223
2596,519.200,25.8022,0.0208,0.0416
2597,519.400,22.9337,0.0210,0.0497
2598,519.600,26.3160,0.0210,0.0216
2599,519.800,22.8228,0.0209,0.0217
2600,520.000,24.6112,0.0211,0.0213
2601,520.200,24.6915,0.0225,0.0216
2602,520.400,25.1462,0.0273,0.0215
2603,520.600,25.7808,0.0224,0.0217
2604,520.800,27.7324,0.0218,0.0217
2605,521.000,25.9169,0.0219,0.0222
2606,521.200,30.1708,0.0212,0.0336
2607,521.400,28.8719,0.0253,0.0499
2608,521.600,35.7944,0.0312,0.0220
2609,521.800,34.2034,0.0361,0.0217
2610,522.000,25.7820,0.0242,0.0215
2611,522.200,26.5567,0.0212,0.0216
2612,522.400,27.4405,0.0405,0.0218
2613,522.600,27.9618,0.0213,0.0213
2614,522.800,27.5298,0.0210,0.0212
2615,523.000,28.8469,0.0238,0.0217
2616,523.200,27.0929,0.0367,0.0215
2617,523.400,29.1045,0.0247,0.0214
2618,523.600,24.6538,0.0276,0.0219
2619,523.800,30.3091,0.0262,0.0217
2620,524.000,30.5893,0.0210,0.0213
2621,524.200,29.7496,0.0212,0.0216
2622,524.400,29.0052,0.0210,0.0213
2623,524.600,26.8616,0.0212,0.0215
2624,524.800,29.4248,0.0284,0.0220
2625,525.000,27.4295,0.0357,0.0221
2626,525.200,28.6154,0.0260,0.0214
2627,525.400,27.6281,0.0212,0.0409
2628,525.600,28.9058,0.0240,0.0701
2629,525.800,26.4731,0.0223,0.0263
2630,526.000,24.7045,0.0215,0.0213
2631,526.200,27.6881,0.0227,0.0217
2632,526.400,27.1531,0.0297,0.0212
2633,526.600,35.2086,0.0344,0.0214
2634,526.800,28.7405,0.0216,0.0214
2635,527.000,25.6329,0.0212,0.0218
2636,527.200,30.9616,0.0329,0.0214
2637,527.400,27.3626,0.0230,0.0215
2638,527.600,27.3384,0.0215,0.0217
2639,527.800,26.3864,0.0210,0.0231
2640,528.000,24.3752,0.0244,0.0218
2641,528.200,30.0953,0.0353,0.0214
2642,528.400,29.5915,0.0284,0.0214
2643,528.600,25.4664,0.0214,0.0216
2644,528.800,25.5119,0.0236,0.0219
2645,529.000,26.3205,0.0210,0.0214
2646,529.200,27.1973,0.0209,0.0214
2647,529.400,22.9351,0.0219,0.0367
2648,529.600,25.6965,0.0211,0.0417
2649,529.800,22.8160,0.0320,0.0459
2650,530.000,22.5375,0.0303,0.0219
2651,530.200,19.6969,0.0351,0.0214
2652,530.400,20.2925,0.0210,0.0213
2653,530.600,16.4213,0.0216,0.0212
2654,530.800,16.9521,0.0259,0.0211
2655,531.000,17.1574,0.0217,0.0212
2656,531.200,18.3950,0.0209,0.0213
2657,531.400,17.8961,0.0333,0.0214
2658,531.600,16.0358,0.0298,0.0218
2659,531.800,15.8250,0.0229,0.0217
2660,532.000,15.0189,0.0369,0.0292
2661,532.200,15.0654,0.0210,0.0216
2662,532.400,14.9204,0.0214,0.0216
2663,532.600,15.9212,0.0210,0.0214
2664,532.800,15.1629,0.0209,0.0216
2665,533.000,15.1325,0.0209,0.0215
2666,533.200,14.8270,0.0209,0.0211
2667,533.400,15.5378,0.0218,0.0215
2668,533.600,14.2608,0.0232,0.0216
2669,533.800,18.9513,0.0210,0.0226
2670,534.000,15.4924,0.0214,0.0719
2671,534.200,14.1401,0.0265,0.0217
2672,534.400,14.4007,0.0208,0.0215
2673,534.600,13.7040,0.0208,0.0216
2674,534.800,14.4980,0.0208,0.0212
2675,535.000,14.1810,0.0212,0.0216
2676,535.200,14.1159,0.0207,0.0213
2677,535.400,14.6228,0.0209,0.0215
2678,535.600,14.7434,0.0210,0.0211
2679,535.800,14.7006,0.0260,0.0214
2680,536.000,15.0951,0.0217,0.0216
2681,536.200,14.6191,0.0214,0.0227
2682,536.400,17.4248,0.0214,0.0213
2683,536.600,16.3482,0.0209,0.0215
2684,536.800,14.7901,0.0211,0.0212
2685,537.000,13.7410,0.0217,0.0217
2686,537.200,14.1505,0.0209,0.0210
2687,537.400,14.2900,0.0213,0.0216
2688,537.600,13.7445,0.0210,0.0213
2689,537.800,13.8264,0.0280,0.0221
2690,538.000,13.4389,0.0208,0.0216
2691,538.200,13.8429,0.0228,0.0264
2692,538.400,14.3839,0.0211,0.0304
2693,538.600,13.5515,0.0223,0.0220
2694,538.800,13.3257,0.0209,0.0215
2695,539.000,14.0609,0.0210,0.0216
2696,539.200,14.0971,0.0309,0.0212
2697,539.400,16.8634,0.0304,0.0214
2698,539.600,15.4728,0.0215,0.0213
2699,539.800,14.5470,0.0318,0.0213
2700,540.000,14.4737,0.0216,0.0216
2701,540.200,14.4734,0.0209,0.0213
2702,540.400,15.7445,0.0226,0.0423
2703,540.600,15.5996,0.0366,0.0227
2704,540.800,15.7113,0.0243,0.0220
2705,541.000,14.7705,0.0226,0.0220
2706,541.200,16.9846,0.0244,0.0212
2707,541.400,14.1742,0.0207,0.0216
2708,541.600,17.4515,0.0208,0.0213
2709,541.800,15.3779,0.0208,0.0213
2710,542.000,14.9064,0.0212,0.0213
2711,542.200,15.0226,0.0276,0.0215
2712,542.400,16.8080,0.0299,0.0212
2713,542.600,17.1649,0.0338,0.0222
2714,542.800,16.4966,0.0215,0.0212
2715,543.000,16.5961,0.0265,0.0214
2716,543.200,18.2483,0.0222,0.0214
2717,543.400,18.1399,0.0209,0.0214
2718,543.600,20.2678,0.0208,0.0218
2719,543.800,16.9109,0.0261,0.0215
2720,544.000,17.2623,0.0364,0.0215
2721,544.200,23.2447,0.0241,0.0214
2722,544.400,21.5676,0.0212,0.0215
2723,544.600,22.3525,0.0252,0.0215
2724,544.800,22.8210,0.0210,0.0227
2725,545.000,36.1098,0.0210,0.0217
2726,545.200,34.7506,0.0209,0.0219
2727,545.400,26.9008,0.0208,0.0218
2728,545.600,16.5720,0.0261,0.0214
2729,545.800,14.8135,0.0373,0.0218
2730,546.000,16.9658,0.0227,0.0218
2731,546.200,13.5323,0.0257,0.0217
2732,546.400,17.1785,0.0430,0.0215
2733,546.600,16.7949,0.0208,0.0223
2734,546.800,19.7701,0.0208,0.0224
2735,547.000,18.8035,0.0213,0.0229
2736,547.200,19.0595,0.0207,0.0217
2737,547.400,16.3056,0.0212,0.0229
2738,547.600,19.5358,0.0208,0.0212
2739,547.800,19.9412,0.0217,0.0219
2740,548.000,15.9944,0.0304,0.0219
2741,548.200,14.1328,0.0213,0.0220
2742,548.400,14.3276,0.0209,0.0216
2743,548.600,13.8371,0.0209,0.0220
2744,548.800,14.2142,0.0218,0.0216
2745,549.000,13.9774,0.0210,0.0219
2746,549.200,13.9102,0.0211,0.0223
2747,549.400,17.4508,0.0209,0.0219
2748,549.600,17.7112,0.0208,0.0219
2749,549.800,17.6915,0.0240,0.0218
2750,550.000,18.0558,0.0227,0.0215
2751,550.200,16.7367,0.0207,0.0218
2752,550.400,17.2902,0.0208,0.0216
2753,550.600,17.2890,0.0210,0.0215
2754,550.800,19.0906,0.0208,0.0215
2755,551.000,18.5622,0.0210,0.0216
2756,551.200,21.0522,0.0208,0.0235
2757,551.400,17.3556,0.0234,0.0226
2758,551.600,15.5426,0.0208,0.0215
2759,551.800,16.0342,0.0208,0.0222
2760,552.000,17.1323,0.0209,0.0219
2761,552.200,17.9055,0.0266,0.0214
2762,552.400,17.5758,0.0208,0.0215
2763,552.600,17.4701,0.0209,0.0215
2764,552.800,16.8751,0.0214,0.0218
2765,553.000,15.6865,0.0209,0.0215
2766,553.200,16.0361,0.0210,0.0216
2767,553.400,18.0527,0.0214,0.0216
2768,553.600,14.7377,0.0215,0.0225
2769,553.800,15.2039,0.0288,0.0221
2770,554.000,16.2353,0.0227,0.0216
2771,554.200,16.0700,0.0215,0.0216
2772,554.400,17.1509,0.0209,0.0214
2773,554.600,19.4109,0.0214,0.0226
2774,554.800,18.2843,0.0247,0.0216
2775,555.000,17.0318,0.0210,0.0215
2776,555.200,16.2854,0.0212,0.0215
2777,555.400,16.8791,0.0212,0.0423
2778,555.600,14.2691,0.0211,0.0221
2779,555.800,17.3705,0.0273,0.0227
2780,556.000,14.5982,0.0214,0.0222
2781,556.200,13.7112,0.0210,0.0267
2782,556.400,14.0058,0.0222,0.0215
2783,556.600,13.4545,0.0241,0.0219
2784,556.800,15.2429,0.0369,0.0218
2785,557.000,15.8538,0.0256,0.0218
2786,557.200,18.2243,0.0212,0.0220
2787,557.400,17.6604,0.0289,0.0215
2788,557.600,18.5204,0.0210,0.0215
2789,557.800,17.5184,0.0209,0.0226
2790,558.000,18.8473,0.0210,0.0214
2791,558.200,17.8161,0.0210,0.0214
2792,558.400,17.3680,0.0312,0.0214
2793,558.600,16.3474,0.0321,0.0219
2794,558.800,17.2956,0.0225,0.0214
2795,559.000,16.0470,0.0233,0.0217
2796,559.200,19.4598,0.0216,0.0213
2797,559.400,15.9787,0.0209,0.0217
2798,559.600,15.4827,0.0210,0.0218
2799,559.800,18.3650,0.0209,0.0217
2800,560.000,15.6978,0.0222,0.0228
2801,560.200,16.4421,0.0313,0.0217
2802,560.400,17.2604,0.0329,0.0213
2803,560.600,17.9424,0.0316,0.0213
2804,560.800,18.5537,0.0228,0.0215
2805,561.000,20.2598,0.0233,0.0215
2806,561.200,18.8092,0.0391,0.0214
2807,561.400,20.6410,0.0209,0.0214
2808,561.600,15.4617,0.0292,0.0211
2809,561.800,17.4958,0.0370,0.0355
2810,562.000,16.3278,0.0219,0.0603
2811,562.200,14.8697,0.0239,0.0228
2812,562.400,20.7065,0.0309,0.0213
2813,562.600,14.4007,0.0212,0.0214
2814,562.800,18.7747,0.0220,0.0258
2815,563.000,15.8278,0.0211,0.0216
2816,563.200,17.6894,0.0209,0.0214
2817,563.400,17.4987,0.0256,0.0214
2818,563.600,18.6871,0.0371,0.0216
2819,563.800,14.2985,0.0214,0.0214
2820,564.000,16.1635,0.0272,0.0216
2821,564.200,15.3726,0.0326,0.0479
2822,564.400,15.4884,0.0213,0.0224
2823,564.600,17.5379,0.0236,0.0266
2824,564.800,16.9928,0.0286,0.0210
2825,565.000,14.5031,0.0379,0.0348
2826,565.200,17.3196,0.0219,0.0232
2827,565.400,15.5450,0.0296,0.0218
2828,565.600,15.7924,0.0258,0.0216
2829,565.800,16.1324,0.0234,0.0263
2830,566.000,16.6918,0.0230,0.0219
2831,566.200,17.3514,0.0212,0.0219
2832,566.400,16.8458,0.0328,0.0230
2833,566.600,15.5232,0.0371,0.0225
2834,566.800,15.4258,0.0216,0.0218
2835,567.000,15.3233,0.0262,0.0216
2836,567.200,18.1618,0.0315,0.0212
2837,567.400,18.7962,0.0224,0.0215
2838,567.600,16.0321,0.0215,0.0215
2839,567.800,15.2852,0.0235,0.0214
2840,568.000,14.6728,0.0368,0.0213
2841,568.200,14.7626,0.0292,0.0214
2842,568.400,15.6791,0.0220,0.0212
2843,568.600,21.3473,0.0247,0.0619
2844,568.800,18.5630,0.0354,0.0220
2845,569.000,15.9920,0.0215,0.0214
2846,569.200,15.1619,0.0219,0.0212
2847,569.400,16.5151,0.0232,0.0216
2848,569.600,16.4818,0.0231,0.0215
2849,569.800,15.9459,0.0211,0.0263
2850,570.000,14.3819,0.0221,0.0211
2851,570.200,15.2346,0.0276,0.0214
2852,570.400,14.0294,0.0262,0.0275
2853,570.600,16.1445,0.0217,0.0217
2854,570.800,16.0446,0.0214,0.0223
2855,571.000,16.3693,0.0285,0.0217
2856,571.200,18.3750,0.0214,0.0215
2857,571.400,19.3271,0.0214,0.0254
2858,571.600,17.3539,0.0212,0.0212
2859,571.800,18.6449,0.0225,0.0216
2860,572.000,17.3842,0.0223,0.0214
2861,572.200,18.0123,0.0290,0.0216
2862,572.400,14.5677,0.0284,0.0216
2863,572.600,13.6866,0.0214,0.0501
2864,572.800,14.4271,0.0219,0.0224
2865,573.000,15.2029,0.0211,0.0220
2866,573.200,14.5415,0.0211,0.0214
2867,573.400,15.4002,0.0230,0.0215
2868,573.600,16.0967,0.0247,0.0215
2869,573.800,17.4615,0.0276,0.0216
2870,574.000,19.6269,0.0289,0.0213
2871,574.200,17.6953,0.0212,0.0214
2872,574.400,22.1826,0.0230,0.0213
2873,574.600,17.1841,0.0211,0.0215
2874,574.800,17.1205,0.0215,0.0217
2875,575.000,19.1222,0.0209,0.0230
2876,575.200,20.9628,0.0214,0.0217
2877,575.400,24.0937,0.0211,0.0216
2878,575.600,28.6015,0.0257,0.0214
2879,575.800,23.8207,0.0300,0.0213
2880,576.000,20.9460,0.0223,0.0215
2881,576.200,19.1426,0.0214,0.0216
2882,576.400,16.2198,0.0214,0.0219
2883,576.600,16.1279,0.0354,0.0219
2884,576.800,17.7528,0.0301,0.0342
2885,577.000,17.2284,0.0345,0.1844
2886,577.200,16.3066,0.0216,0.0219
2887,577.400,15.2274,0.0257,0.0217
2888,577.600,14.0194,0.0304,0.0215
2889,577.800,14.2970,0.0211,0.0217
2890,578.000,16.2859,0.0260,0.0214
2891,578.200,21.2472,0.0379,0.0257
2892,578.400,18.9976,0.0209,0.0240
2893,578.600,17.8050,0.0279,0.0241
2894,578.800,20.2460,0.0268,0.0222
2895,579.000,17.6404,0.0209,0.0221
2896,579.200,16.3442,0.0210,0.0225
2897,579.400,15.9882,0.0217,0.0227
2898,579.600,15.9695,0.0236,0.0230
2899,579.800,17.0156,0.0286,0.0317
2900,580.000,17.1631,0.0380,0.0354
2901,580.200,17.7997,0.0226,0.0417
2902,580.400,15.8842,0.0287,0.0341
2903,580.600,15.7390,0.0255,0.0512
2904,580.800,18.4120,0.0209,0.0413
2905,581.000,19.3245,0.0215,0.0386
2906,581.200,16.1668,0.0258,0.0237
2907,581.400,15.3398,0.0384,0.0238
2908,581.600,20.3694,0.0210,0.0239
2909,581.800,19.8773,0.0322,0.0512
2910,582.000,19.2254,0.0267,0.0408
2911,582.200,19.0522,0.0212,0.0269
2912,582.400,18.6336,0.0209,0.0263
2913,582.600,17.0952,0.0214,0.0227
2914,582.800,17.2759,0.0252,0.0445
2915,583.000,17.7221,0.0318,0.0229
2916,583.200,17.6762,0.0326,0.0227
2917,583.400,15.7124,0.0230,0.0223
2918,583.600,15.4529,0.0260,0.0225
2919,583.800,15.8439,0.0254,0.0235
2920,584.000,15.5359,0.0208,0.0227
2921,584.200,16.8605,0.0210,0.0251
2922,584.400,16.7102,0.0223,0.0419
2923,584.600,18.9708,0.0395,0.0226
2924,584.800,15.6522,0.0258,0.0247
2925,585.000,15.3558,0.0214,0.0233
2926,585.200,15.5944,0.0286,0.0229
2927,585.400,16.2762,0.0210,0.0228
2928,585.600,17.8754,0.0214,0.0217
2929,585.800,16.7900,0.0210,0.0224
2930,586.000,19.1787,0.0210,0.0232
2931,586.200,15.5618,0.0315,0.0230
2932,586.400,15.5809,0.0359,0.0255
2933,586.600,15.4446,0.0212,0.0217
2934,586.800,17.1856,0.0246,0.0239
2935,587.000,16.8211,0.0391,0.0222
2936,587.200,17.5030,0.0211,0.0222
2937,587.400,15.5027,0.0222,0.0219
2938,587.600,15.5360,0.0280,0.0261
2939,587.800,15.9177,0.0321,0.0217
2940,588.000,21.3331,0.0354,0.0220
2941,588.200,15.8864,0.0275,0.0510
2942,588.400,16.3046,0.0226,0.0222
2943,588.600,17.0655,0.0273,0.0297
2944,588.800,19.4746,0.0209,0.0219
2945,589.000,17.1468,0.0213,0.0215
2946,589.200,15.2024,0.0212,0.0220
2947,589.400,14.2812,0.0373,0.0220
2948,589.600,14.3204,0.0301,0.0213
2949,589.800,13.8103,0.0265,0.0221
2950,590.000,15.5449,0.0263,0.0219
2951,590.200,16.8771,0.0212,0.0331
2952,590.400,17.0949,0.0221,0.0216
2953,590.600,14.9871,0.0211,0.0222
2954,590.800,15.6242,0.0212,0.0213
2955,591.000,15.0598,0.0277,0.0211
2956,591.200,14.2970,0.0338,0.0210
2957,591.400,14.5789,0.0293,0.0212
2958,591.600,14.4095,0.0212,0.0219
2959,591.800,13.5441,0.0325,0.0221
2960,592.000,13.5573,0.0256,0.0215
2961,592.200,14.5072,0.0224,0.0273
2962,592.400,13.8205,0.0212,0.0225
2963,592.600,13.7248,0.0307,0.0225
2964,592.800,13.6418,0.0311,0.0219
2965,593.000,13.6864,0.0212,0.0215
2966,593.200,13.6427,0.0345,0.0217
2967,593.400,13.7294,0.0210,0.0216
2968,593.600,13.8508,0.0209,0.0217
2969,593.800,14.0001,0.0271,0.0218
2970,594.000,13.8912,0.0212,0.0220
2971,594.200,15.3042,0.0217,0.0270
2972,594.400,14.3789,0.0270,0.0287
2973,594.600,14.3205,0.0252,0.0220
2974,594.800,14.2498,0.0228,0.0215
2975,595.000,14.1918,0.0271,0.0214
2976,595.200,14.1740,0.0209,0.0217
2977,595.400,14.2018,0.0210,0.0213
2978,595.600,14.7084,0.0213,0.0213
2979,595.800,15.1306,0.0210,0.0215
2980,596.000,14.4872,0.0209,0.0213
2981,596.200,14.2636,0.0210,0.0211
2982,596.400,13.9078,0.0209,0.0368
2983,596.600,14.3090,0.0341,0.0229
2984,596.800,14.1325,0.0228,0.0211
2985,597.000,14.2899,0.0247,0.0213
2986,597.200,14.5531,0.0296,0.0212
2987,597.400,14.5661,0.0211,0.0211
2988,597.600,14.8927,0.0223,0.0215
2989,597.800,15.0794,0.0315,0.0213
2990,598.000,15.2039,0.0273,0.0217
2991,598.200,15.6714,0.0210,0.0225
2992,598.400,14.6489,0.0382,0.0330
2993,598.600,15.4627,0.0213,0.0220
2994,598.800,14.4598,0.0219,0.0231
2995,599.000,14.3100,0.0210,0.0220
2996,599.200,14.1735,0.0287,0.0215
2997,599.400,14.5633,0.0211,0.0213
2998,599.600,14.7049,0.0212,0.0217
2999,599.800,14.1019,0.0297,0.0225
